日期,委托时间,品种,股票代码,买卖类型,下单类型,成交数量,成交价,成交额,委托数量,委托价格,平仓盈亏,手续费,状态,最后更新时间
2024-1-3,9:30:00,股票,ST金鸿(000669.XSHE),买,市价单,10900股,2.28,24852,10900股,-,0,5,全部成交,2024-1-3 9:30
2024-1-3,9:30:00,股票,*ST全筑(603030.XSHG),买,市价单,9000股,2.78,25020,9000股,-,0,5,全部成交,2024-1-3 9:30
2024-1-4,9:30:00,股票,*ST天沃(002564.XSHE),买,市价单,6100股,4.1,25010,6100股,-,0,5,全部成交,2024-1-4 9:30
2024-1-4,9:30:00,股票,*ST炼石(000697.XSHE),买,市价单,3700股,6.7,24790,3700股,-,0,5,全部成交,2024-1-4 9:30
2024-1-4,13:00:00,股票,ST金鸿(000669.XSHE),卖,市价单,-10900股,2.28,-24852,-10900股,-,0,17.43,全部成交,2024-1-4 13:00
2024-1-4,13:00:00,股票,*ST全筑(603030.XSHG),卖,市价单,-9000股,2.82,-25380,-9000股,-,360,17.69,全部成交,2024-1-4 13:00
2024-1-5,13:00:00,股票,*ST天沃(002564.XSHE),卖,市价单,-6100股,4.14,-25254,-6100股,-,244,17.63,全部成交,2024-1-5 13:00
2024-1-5,13:00:00,股票,*ST炼石(000697.XSHE),卖,市价单,-3700股,6.48,-23976,-3700股,-,-814,16.99,全部成交,2024-1-5 13:00
2024-1-8,9:30:00,股票,*ST天沃(002564.XSHE),买,市价单,6000股,4.16,24960,6000股,-,0,5,全部成交,2024-1-8 9:30
2024-1-9,9:30:00,股票,ST熊猫(600599.XSHG),买,市价单,1600股,15.24,24384,1600股,-,0,5,全部成交,2024-1-9 9:30
2024-1-10,13:00:00,股票,ST熊猫(600599.XSHG),卖,市价单,-1600股,16.1,-25760,-1600股,-,1376,17.88,全部成交,2024-1-10 13:00
2024-1-10,14:00:00,股票,*ST天沃(002564.XSHE),卖,市价单,-6000股,4.16,-24960,-6000股,-,0,17.48,全部成交,2024-1-10 14:00
2024-1-11,9:30:00,股票,ST熊猫(600599.XSHG),买,市价单,1600股,15.78,25248,1600股,-,0,5,全部成交,2024-1-11 9:30
2024-1-15,13:00:00,股票,ST熊猫(600599.XSHG),卖,市价单,-1600股,14.8,-23680,-1600股,-,-1568,16.84,全部成交,2024-1-15 13:00
2024-2-26,9:30:00,股票,ST花王(603007.XSHG),买,市价单,3800股,6.44,24472,3800股,-,0,5,全部成交,2024-2-26 9:30
2024-2-26,9:30:00,股票,*ST榕泰(600589.XSHG),买,市价单,7300股,3.4,24820,7300股,-,0,5,全部成交,2024-2-26 9:30
2024-2-27,9:30:00,股票,ST有棵树(300209.XSHE),买,市价单,8600股,2.9,24940,8600股,-,0,5,全部成交,2024-2-27 9:30
2024-2-27,9:30:00,股票,*ST西发(000752.XSHE),买,市价单,3600股,6.9,24840,3600股,-,0,5,全部成交,2024-2-27 9:30
2024-2-27,13:00:00,股票,*ST榕泰(600589.XSHG),卖,市价单,-7300股,3.56,-25988,-7300股,-,1168,17.99,全部成交,2024-2-27 13:00
2024-2-28,9:30:00,股票,*ST正邦(002157.XSHE),买,市价单,10300股,2.54,26162,10300股,-,0,5,全部成交,2024-2-28 9:30
2024-2-28,13:00:00,股票,ST有棵树(300209.XSHE),卖,市价单,-8600股,2.99,-25714,-8600股,-,774,17.86,全部成交,2024-2-28 13:00
2024-2-28,13:00:00,股票,*ST西发(000752.XSHE),卖,市价单,-3600股,6.66,-23976,-3600股,-,-864,16.99,全部成交,2024-2-28 13:00
2024-2-28,14:00:00,股票,ST花王(603007.XSHG),卖,市价单,-3800股,6.56,-24928,-3800股,-,456,17.46,全部成交,2024-2-28 14:00
2024-2-29,9:30:00,股票,*ST榕泰(600589.XSHG),买,市价单,7100股,3.48,24708,7100股,-,0,5,全部成交,2024-2-29 9:30
2024-2-29,9:30:00,股票,ST天成(600112.XSHG),买,市价单,11900股,2.08,24752,11900股,-,0,5,全部成交,2024-2-29 9:30
2024-3-1,9:30:00,股票,*ST红相(300427.XSHE),买,市价单,5800股,4.35,25230,5800股,-,0,5,全部成交,2024-3-1 9:30
2024-3-1,13:00:00,股票,*ST榕泰(600589.XSHG),卖,市价单,-7100股,3.72,-26412,-7100股,-,1704,18.21,全部成交,2024-3-1 13:00
2024-3-4,13:00:00,股票,*ST红相(300427.XSHE),卖,市价单,-5800股,3.86,-22388,-5800股,-,-2842,16.19,全部成交,2024-3-4 13:00
2024-3-4,14:55:00,股票,*ST正邦(002157.XSHE),卖,市价单,-10300股,2.56,-26368,-10300股,-,206,18.18,全部成交,2024-3-4 14:55
2024-3-5,9:30:00,股票,*ST天沃(002564.XSHE),买,市价单,5900股,4.2,24780,5900股,-,0,5,全部成交,2024-3-5 9:30
2024-3-5,9:30:00,股票,*ST金一(002721.XSHE),买,市价单,9200股,2.72,25024,9200股,-,0,5,全部成交,2024-3-5 9:30
2024-3-6,9:30:00,股票,ST同洲(002052.XSHE),买,市价单,11600股,2.18,25288,11600股,-,0,5,全部成交,2024-3-6 9:30
2024-3-6,13:00:00,股票,ST天成(600112.XSHG),卖,市价单,-11900股,2.66,-31654,-11900股,-,6902,20.83,全部成交,2024-3-6 13:00
2024-3-6,13:00:00,股票,*ST天沃(002564.XSHE),卖,市价单,-5900股,4.4,-25960,-5900股,-,1180,17.98,全部成交,2024-3-6 13:00
2024-3-7,9:30:00,股票,*ST天山(300313.XSHE),买,市价单,2800股,10.08,28224,2800股,-,0,5,全部成交,2024-3-7 9:30
2024-3-7,9:30:00,股票,ST中利(002309.XSHE),买,市价单,12600股,2.28,28728,12600股,-,0,5,全部成交,2024-3-7 9:30
2024-3-7,13:00:00,股票,*ST金一(002721.XSHE),卖,市价单,-9200股,2.88,-26496,-9200股,-,1472,18.25,全部成交,2024-3-7 13:00
2024-3-7,13:00:00,股票,ST同洲(002052.XSHE),卖,市价单,-11600股,2.22,-25752,-11600股,-,464,17.88,全部成交,2024-3-7 13:00
2024-3-8,9:30:00,股票,ST鼎龙(002502.XSHE),买,市价单,13900股,1.89,26271,13900股,-,0,5,全部成交,2024-3-8 9:30
2024-3-8,9:30:00,股票,ST南卫(603880.XSHG),买,市价单,6500股,4.06,26390,6500股,-,0,5,全部成交,2024-3-8 9:30
2024-3-8,13:00:00,股票,*ST天山(300313.XSHE),卖,市价单,-2800股,10.17,-28476,-2800股,-,252,19.24,全部成交,2024-3-8 13:00
2024-3-8,13:00:00,股票,ST中利(002309.XSHE),卖,市价单,-12600股,2.46,-30996,-12600股,-,2268,20.5,全部成交,2024-3-8 13:00
2024-3-11,9:30:00,股票,*ST榕泰(600589.XSHG),买,市价单,7000股,4.22,29540,7000股,-,0,5,全部成交,2024-3-11 9:30
2024-3-11,9:30:00,股票,*ST园城(600766.XSHG),买,市价单,1800股,15.94,28692,1800股,-,0,5,全部成交,2024-3-11 9:30
2024-3-11,13:00:00,股票,ST鼎龙(002502.XSHE),卖,市价单,-13900股,1.96,-27244,-13900股,-,973,18.62,全部成交,2024-3-11 13:00
2024-3-11,13:00:00,股票,ST南卫(603880.XSHG),卖,市价单,-6500股,4.11,-26715,-6500股,-,325,18.36,全部成交,2024-3-11 13:00
2024-3-12,9:30:00,股票,*ST中捷(002021.XSHE),买,市价单,15100股,1.82,27482,15100股,-,0,5,全部成交,2024-3-12 9:30
2024-3-12,9:30:00,股票,ST花王(603007.XSHG),买,市价单,4500股,6.1,27450,4500股,-,0,5,全部成交,2024-3-12 9:30
2024-3-12,13:00:00,股票,*ST榕泰(600589.XSHG),卖,市价单,-7000股,4.38,-30660,-7000股,-,1120,20.33,全部成交,2024-3-12 13:00
2024-3-13,9:30:00,股票,*ST美谷(000615.XSHE),买,市价单,11300股,2.74,30962,11300股,-,0,5,全部成交,2024-3-13 9:30
2024-3-13,13:00:00,股票,*ST中捷(002021.XSHE),卖,市价单,-15100股,1.83,-27633,-15100股,-,151,18.82,全部成交,2024-3-13 13:00
2024-3-14,9:30:00,股票,ST天顺(002800.XSHE),买,市价单,2000股,13.52,27040,2000股,-,0,5,全部成交,2024-3-14 9:30
2024-3-14,13:00:00,股票,*ST园城(600766.XSHG),卖,市价单,-1800股,15.98,-28764,-1800股,-,72,19.38,全部成交,2024-3-14 13:00
2024-3-14,13:00:00,股票,ST花王(603007.XSHG),卖,市价单,-4500股,5.84,-26280,-4500股,-,-1170,18.14,全部成交,2024-3-14 13:00
2024-3-14,14:00:00,股票,*ST美谷(000615.XSHE),卖,市价单,-11300股,2.76,-31188,-11300股,-,226,20.59,全部成交,2024-3-14 14:00
2024-3-15,9:30:00,股票,ST曙光(600303.XSHG),买,市价单,8700股,3.32,28884,8700股,-,0,5,全部成交,2024-3-15 9:30
2024-3-15,9:30:00,股票,ST八菱(002592.XSHE),买,市价单,5100股,5.58,28458,5100股,-,0,5,全部成交,2024-3-15 9:30
2024-3-15,9:30:00,股票,ST九有(600462.XSHG),买,市价单,11000股,2.62,28820,11000股,-,0,5,全部成交,2024-3-15 9:30
2024-3-15,13:00:00,股票,ST天顺(002800.XSHE),卖,市价单,-2000股,13.61,-27220,-2000股,-,180,18.61,全部成交,2024-3-15 13:00
2024-3-18,9:30:00,股票,*ST美盛(002699.XSHE),买,市价单,23700股,1.17,27729,23700股,-,0,5,全部成交,2024-3-18 9:30
2024-3-18,13:00:00,股票,ST曙光(600303.XSHG),卖,市价单,-8700股,3.54,-30798,-8700股,-,1914,20.4,全部成交,2024-3-18 13:00
2024-3-18,13:00:00,股票,ST八菱(002592.XSHE),卖,市价单,-5100股,5.68,-28968,-5100股,-,510,19.48,全部成交,2024-3-18 13:00
2024-3-19,9:30:00,股票,ST中装(002822.XSHE),买,市价单,9700股,3.06,29682,9700股,-,0,5,全部成交,2024-3-19 9:30
2024-3-19,9:30:00,股票,ST熊猫(600599.XSHG),买,市价单,2900股,10.23,29667,2900股,-,0,5,全部成交,2024-3-19 9:30
2024-3-19,13:00:00,股票,ST九有(600462.XSHG),卖,市价单,-11000股,2.72,-29920,-11000股,-,1100,19.96,全部成交,2024-3-19 13:00
2024-3-20,9:30:00,股票,ST金时(002951.XSHE),买,市价单,5200股,5.82,30264,5200股,-,0,5,全部成交,2024-3-20 9:30
2024-3-20,13:00:00,股票,*ST美盛(002699.XSHE),卖,市价单,-23700股,1.11,-26307,-23700股,-,-1422,18.15,全部成交,2024-3-20 13:00
2024-3-20,13:00:00,股票,ST中装(002822.XSHE),卖,市价单,-9700股,2.94,-28518,-9700股,-,-1164,19.26,全部成交,2024-3-20 13:00
2024-3-20,13:00:00,股票,ST熊猫(600599.XSHG),卖,市价单,-2900股,11,-31900,-2900股,-,2233,20.95,全部成交,2024-3-20 13:00
2024-3-21,9:30:00,股票,ST熊猫(600599.XSHG),买,市价单,2600股,10.96,28496,2600股,-,0,5,全部成交,2024-3-21 9:30
2024-3-21,9:30:00,股票,*ST炼石(000697.XSHE),买,市价单,4200股,6.78,28476,4200股,-,0,5,全部成交,2024-3-21 9:30
2024-3-22,9:30:00,股票,ST康美(600518.XSHG),买,市价单,13900股,2.13,29607,13900股,-,0,5,全部成交,2024-3-22 9:30
2024-3-22,13:00:00,股票,ST金时(002951.XSHE),卖,市价单,-5200股,6.28,-32656,-5200股,-,2392,21.33,全部成交,2024-3-22 13:00
2024-3-22,13:00:00,股票,*ST炼石(000697.XSHE),卖,市价单,-4200股,7.12,-29904,-4200股,-,1428,19.95,全部成交,2024-3-22 13:00
2024-3-25,13:00:00,股票,ST康美(600518.XSHG),卖,市价单,-13900股,2.28,-31692,-13900股,-,2085,20.85,全部成交,2024-3-25 13:00
2024-3-25,14:00:00,股票,ST熊猫(600599.XSHG),卖,市价单,-2600股,11.02,-28652,-2600股,-,156,19.33,全部成交,2024-3-25 14:00
2024-3-26,9:30:00,股票,ST康美(600518.XSHG),买,市价单,13900股,2.22,30858,13900股,-,0,5,全部成交,2024-3-26 9:30
2024-3-26,9:30:00,股票,ST浩源(002700.XSHE),买,市价单,5400股,5.6,30240,5400股,-,0,5,全部成交,2024-3-26 9:30
2024-3-27,9:30:00,股票,ST红太阳(000525.XSHE),买,市价单,3400股,9.01,30634,3400股,-,0,5,全部成交,2024-3-27 9:30
2024-3-27,13:00:00,股票,ST浩源(002700.XSHE),卖,市价单,-5400股,5.66,-30564,-5400股,-,324,20.28,全部成交,2024-3-27 13:00
2024-3-28,13:00:00,股票,ST康美(600518.XSHG),卖,市价单,-13900股,2.1,-29190,-13900股,-,-1668,19.6,全部成交,2024-3-28 13:00
2024-3-28,14:00:00,股票,ST红太阳(000525.XSHE),卖,市价单,-3400股,9.16,-31144,-3400股,-,510,20.57,全部成交,2024-3-28 14:00
2024-4-1,9:30:00,股票,*ST榕泰(600589.XSHG),买,市价单,6400股,4.7,30080,6400股,-,0,5,全部成交,2024-4-1 9:30
2024-4-2,13:00:00,股票,*ST榕泰(600589.XSHG),卖,市价单,-6400股,4.82,-30848,-6400股,-,768,20.42,全部成交,2024-4-2 13:00
2024-4-3,9:30:00,股票,*ST炼石(000697.XSHE),买,市价单,3900股,7.76,30264,3900股,-,0,5,全部成交,2024-4-3 9:30
2024-4-3,9:30:00,股票,*ST园城(600766.XSHG),买,市价单,1800股,16.98,30564,1800股,-,0,5,全部成交,2024-4-3 9:30
2024-4-3,9:30:00,股票,ST宇顺(002289.XSHE),买,市价单,6000股,5.06,30360,6000股,-,0,5,全部成交,2024-4-3 9:30
2024-4-3,9:30:00,股票,*ST同达(600647.XSHG),买,市价单,2800股,10.82,30296,2800股,-,0,5,全部成交,2024-4-3 9:30
2024-4-8,13:00:00,股票,*ST炼石(000697.XSHE),卖,市价单,-3900股,8.01,-31239,-3900股,-,975,20.62,全部成交,2024-4-8 13:00
2024-4-8,13:00:00,股票,ST宇顺(002289.XSHE),卖,市价单,-6000股,5.3,-31800,-6000股,-,1440,20.9,全部成交,2024-4-8 13:00
2024-4-9,9:30:00,股票,*ST东洋(002086.XSHE),买,市价单,12700股,2.52,32004,12700股,-,0,5,全部成交,2024-4-9 9:30
2024-4-9,9:30:00,股票,*ST凯撒(000796.XSHE),买,市价单,9500股,3.36,31920,9500股,-,0,5,全部成交,2024-4-9 9:30
2024-4-9,13:00:00,股票,*ST园城(600766.XSHG),卖,市价单,-1800股,15.61,-28098,-1800股,-,-2466,19.05,全部成交,2024-4-9 13:00
2024-4-9,13:00:00,股票,*ST同达(600647.XSHG),卖,市价单,-2800股,11.19,-31332,-2800股,-,1036,20.67,全部成交,2024-4-9 13:00
2024-4-10,9:30:00,股票,ST中嘉(000889.XSHE),买,市价单,16800股,1.78,29904,16800股,-,0,5,全部成交,2024-4-10 9:30
2024-4-10,13:00:00,股票,*ST东洋(002086.XSHE),卖,市价单,-12700股,2.52,-32004,-12700股,-,0,21,全部成交,2024-4-10 13:00
2024-4-10,13:00:00,股票,*ST凯撒(000796.XSHE),卖,市价单,-9500股,3.38,-32110,-9500股,-,190,21.06,全部成交,2024-4-10 13:00
2024-4-11,13:00:00,股票,ST中嘉(000889.XSHE),卖,市价单,-16800股,1.72,-28896,-16800股,-,-1008,19.45,全部成交,2024-4-11 13:00
2024-4-19,9:30:00,股票,S佳通(600182.XSHG),买,市价单,2000股,14.89,29780,2000股,-,0,5,全部成交,2024-4-19 9:30
2024-4-19,9:30:00,股票,ST洲际(600759.XSHG),买,市价单,11500股,2.66,30590,11500股,-,0,5,全部成交,2024-4-19 9:30
2024-4-22,13:00:00,股票,S佳通(600182.XSHG),卖,市价单,-2000股,15.36,-30720,-2000股,-,940,20.36,全部成交,2024-4-22 13:00
2024-4-23,13:00:00,股票,ST洲际(600759.XSHG),卖,市价单,-11500股,2.7,-31050,-11500股,-,460,20.52,全部成交,2024-4-23 13:00
2024-4-26,9:30:00,股票,ST浩源(002700.XSHE),买,市价单,5200股,5.9,30680,5200股,-,0,5,全部成交,2024-4-26 9:30
2024-4-29,13:00:00,股票,ST浩源(002700.XSHE),卖,市价单,-5200股,6.12,-31824,-5200股,-,1144,20.91,全部成交,2024-4-29 13:00
2024-4-30,9:30:00,股票,ST国安(000839.XSHE),买,市价单,15000股,2.08,31200,15000股,-,0,5,全部成交,2024-4-30 9:30
2024-5-6,9:30:00,股票,ST金运(300220.XSHE),买,市价单,4400股,6.98,30712,4400股,-,0,5,全部成交,2024-5-6 9:30
2024-5-6,9:30:00,股票,ST金鸿(000669.XSHE),买,市价单,20600股,1.52,31312,20600股,-,0,5,全部成交,2024-5-6 9:30
2024-5-6,9:30:00,股票,*ST全新(000007.XSHE),买,市价单,7300股,4.26,31098,7300股,-,0,5,全部成交,2024-5-6 9:30
2024-5-6,13:00:00,股票,ST国安(000839.XSHE),卖,市价单,-15000股,2.22,-33300,-15000股,-,2100,21.65,全部成交,2024-5-6 13:00
2024-5-7,9:30:00,股票,*ST惠天(000692.XSHE),买,市价单,12500股,2.74,34250,12500股,-,0,5,全部成交,2024-5-7 9:30
2024-5-7,13:00:00,股票,ST金运(300220.XSHE),卖,市价单,-4400股,7.14,-31416,-4400股,-,704,20.71,全部成交,2024-5-7 13:00
2024-5-7,13:00:00,股票,ST金鸿(000669.XSHE),卖,市价单,-20600股,1.57,-32342,-20600股,-,1030,21.17,全部成交,2024-5-7 13:00
2024-5-7,13:00:00,股票,*ST全新(000007.XSHE),卖,市价单,-7300股,4.08,-29784,-7300股,-,-1314,19.89,全部成交,2024-5-7 13:00
2024-5-8,9:30:00,股票,ST实华(000637.XSHE),买,市价单,9100股,3.42,31122,9100股,-,0,5,全部成交,2024-5-8 9:30
2024-5-8,9:30:00,股票,ST奥康(603001.XSHG),买,市价单,6500股,4.72,30680,6500股,-,0,5,全部成交,2024-5-8 9:30
2024-5-8,9:30:00,股票,ST起步(603557.XSHG),买,市价单,18700股,1.66,31042,18700股,-,0,5,全部成交,2024-5-8 9:30
2024-5-8,13:00:00,股票,*ST惠天(000692.XSHE),卖,市价单,-12500股,2.9,-36250,-12500股,-,2000,23.12,全部成交,2024-5-8 13:00
2024-5-9,9:30:00,股票,*ST金科(000656.XSHE),买,市价单,28700股,1.28,36736,28700股,-,0,5,全部成交,2024-5-9 9:30
2024-5-9,13:00:00,股票,ST实华(000637.XSHE),卖,市价单,-9100股,3.47,-31577,-9100股,-,455,20.79,全部成交,2024-5-9 13:00
2024-5-9,13:00:00,股票,ST奥康(603001.XSHG),卖,市价单,-6500股,4.74,-30810,-6500股,-,130,20.4,全部成交,2024-5-9 13:00
2024-5-9,13:00:00,股票,ST起步(603557.XSHG),卖,市价单,-18700股,1.8,-33660,-18700股,-,2618,21.83,全部成交,2024-5-9 13:00
2024-5-10,9:30:00,股票,ST通葡(600365.XSHG),买,市价单,11000股,2.9,31900,11000股,-,0,5,全部成交,2024-5-10 9:30
2024-5-10,13:00:00,股票,*ST金科(000656.XSHE),卖,市价单,-28700股,1.33,-38171,-28700股,-,1435,24.09,全部成交,2024-5-10 13:00
2024-5-13,9:30:00,股票,ST中嘉(000889.XSHE),买,市价单,20200股,1.68,33936,20200股,-,0,5,全部成交,2024-5-13 9:30
2024-5-13,13:00:00,股票,ST通葡(600365.XSHG),卖,市价单,-11000股,2.78,-30580,-11000股,-,-1320,20.29,全部成交,2024-5-13 13:00
2024-5-14,14:00:00,股票,ST中嘉(000889.XSHE),卖,市价单,-20200股,1.72,-34744,-20200股,-,808,22.37,全部成交,2024-5-14 14:00
2024-5-15,9:30:00,股票,*ST新城(000809.XSHE),买,市价单,15300股,2.17,33201,15300股,-,0,5,全部成交,2024-5-15 9:30
2024-5-15,9:30:00,股票,*ST通脉(603559.XSHG),买,市价单,7100股,4.7,33370,7100股,-,0,5,全部成交,2024-5-15 9:30
2024-5-15,9:30:00,股票,ST国安(000839.XSHE),买,市价单,14300股,2.32,33176,14300股,-,0,5,全部成交,2024-5-15 9:30
2024-5-16,9:30:00,股票,*ST亚星(600213.XSHG),买,市价单,5200股,6.44,33488,5200股,-,0,5,全部成交,2024-5-16 9:30
2024-5-16,13:00:00,股票,*ST新城(000809.XSHE),卖,市价单,-15300股,2.22,-33966,-15300股,-,765,21.98,全部成交,2024-5-16 13:00
2024-5-16,13:00:00,股票,*ST通脉(603559.XSHG),卖,市价单,-7100股,4.49,-31879,-7100股,-,-1491,20.94,全部成交,2024-5-16 13:00
2024-5-16,13:00:00,股票,ST国安(000839.XSHE),卖,市价单,-14300股,2.45,-35035,-14300股,-,1859,22.52,全部成交,2024-5-16 13:00
2024-5-17,9:30:00,股票,*ST莫高(600543.XSHG),买,市价单,6000股,5.6,33600,6000股,-,0,5,全部成交,2024-5-17 9:30
2024-5-17,9:30:00,股票,ST起步(603557.XSHG),买,市价单,18200股,1.86,33852,18200股,-,0,5,全部成交,2024-5-17 9:30
2024-5-17,13:00:00,股票,*ST亚星(600213.XSHG),卖,市价单,-5200股,6.18,-32136,-5200股,-,-1352,21.07,全部成交,2024-5-17 13:00
2024-5-20,9:30:00,股票,*ST明诚(600136.XSHG),买,市价单,19000股,1.74,33060,19000股,-,0,5,全部成交,2024-5-20 9:30
2024-5-20,13:00:00,股票,*ST莫高(600543.XSHG),卖,市价单,-6000股,5.96,-35760,-6000股,-,2160,22.88,全部成交,2024-5-20 13:00
2024-5-20,14:55:00,股票,ST起步(603557.XSHG),卖,市价单,-18200股,2,-36400,-18200股,-,2548,23.2,全部成交,2024-5-20 14:55
2024-5-21,9:30:00,股票,ST奥康(603001.XSHG),买,市价单,6800股,5.12,34816,6800股,-,0,5,全部成交,2024-5-21 9:30
2024-5-21,14:00:00,股票,*ST明诚(600136.XSHG),卖,市价单,-19000股,1.68,-31920,-19000股,-,-1140,20.96,全部成交,2024-5-21 14:00
2024-5-22,9:30:00,股票,ST中嘉(000889.XSHE),买,市价单,17500股,1.94,33950,17500股,-,0,5,全部成交,2024-5-22 9:30
2024-5-22,13:00:00,股票,ST奥康(603001.XSHG),卖,市价单,-6800股,5.2,-35360,-6800股,-,544,22.68,全部成交,2024-5-22 13:00
2024-5-23,9:30:00,股票,ST墨龙(002490.XSHE),买,市价单,13800股,2.5,34500,13800股,-,0,5,全部成交,2024-5-23 9:30
2024-5-23,9:30:00,股票,*ST榕泰(600589.XSHG),买,市价单,8600股,3.98,34228,8600股,-,0,5,全部成交,2024-5-23 9:30
2024-5-23,13:00:00,股票,ST中嘉(000889.XSHE),卖,市价单,-17500股,2.04,-35700,-17500股,-,1750,22.85,全部成交,2024-5-23 13:00
2024-5-24,9:30:00,股票,*ST宁科(600165.XSHG),买,市价单,17900股,1.96,35084,17900股,-,0,5,全部成交,2024-5-24 9:30
2024-5-24,9:30:00,股票,ST恒久(002808.XSHE),买,市价单,15800股,2.22,35076,15800股,-,0,5,全部成交,2024-5-24 9:30
2024-5-24,13:00:00,股票,ST墨龙(002490.XSHE),卖,市价单,-13800股,2.42,-33396,-13800股,-,-1104,21.7,全部成交,2024-5-24 13:00
2024-5-27,9:30:00,股票,ST南卫(603880.XSHG),买,市价单,8000股,4.14,33120,8000股,-,0,5,全部成交,2024-5-27 9:30
2024-5-27,13:00:00,股票,*ST榕泰(600589.XSHG),卖,市价单,-8600股,3.76,-32336,-8600股,-,-1892,21.17,全部成交,2024-5-27 13:00
2024-5-27,13:00:00,股票,ST恒久(002808.XSHE),卖,市价单,-0股,--,0,-15800股,-,0,0,已撤单,2024-5-27 13:00
2024-5-27,14:00:00,股票,ST恒久(002808.XSHE),卖,市价单,-0股,--,0,-15800股,-,0,0,已撤单,2024-5-27 14:00
2024-5-27,14:55:00,股票,ST恒久(002808.XSHE),卖,市价单,-0股,--,0,-15800股,-,0,0,已撤单,2024-5-27 14:55
2024-5-28,9:30:00,股票,*ST美讯(600898.XSHG),买,市价单,28100股,1.16,32596,28100股,-,0,5,全部成交,2024-5-28 9:30
2024-5-28,14:00:00,股票,ST南卫(603880.XSHG),卖,市价单,-8000股,4.18,-33440,-8000股,-,320,21.72,全部成交,2024-5-28 14:00
2024-5-29,9:30:00,股票,*ST西发(000752.XSHE),买,市价单,5000股,6.68,33400,5000股,-,0,5,全部成交,2024-5-29 9:30
2024-5-30,13:00:00,股票,*ST西发(000752.XSHE),卖,市价单,-5000股,6.78,-33900,-5000股,-,500,21.95,全部成交,2024-5-30 13:00
2024-5-31,13:00:00,股票,ST恒久(002808.XSHE),卖,市价单,-15800股,2.06,-32548,-15800股,-,-2528,21.27,全部成交,2024-5-31 13:00
2024-5-31,13:00:00,股票,*ST美讯(600898.XSHG),卖,市价单,-28100股,1.1,-30910,-28100股,-,-1686,20.46,全部成交,2024-5-31 13:00
2024-6-3,9:30:00,股票,*ST贤丰(002141.XSHE),买,市价单,29700股,1.1,32670,29700股,-,0,5,全部成交,2024-6-3 9:30
2024-6-3,9:30:00,股票,ST熊猫(600599.XSHG),买,市价单,3100股,10.17,31527,3100股,-,0,5,全部成交,2024-6-3 9:30
2024-6-4,9:30:00,股票,*ST傲农(603363.XSHG),买,市价单,7300股,4.54,33142,7300股,-,0,5,全部成交,2024-6-4 9:30
2024-6-4,13:00:00,股票,*ST宁科(600165.XSHG),卖,市价单,-17900股,1.76,-31504,-17900股,-,-3580,20.75,全部成交,2024-6-4 13:00
2024-6-5,14:55:00,股票,ST熊猫(600599.XSHG),卖,市价单,-3100股,10.16,-31496,-3100股,-,-31,20.75,全部成交,2024-6-5 14:55
2024-6-6,9:30:00,股票,*ST东园(002310.XSHE),买,市价单,22000股,1.43,31460,22000股,-,0,5,全部成交,2024-6-6 9:30
2024-6-11,13:00:00,股票,*ST贤丰(002141.XSHE),卖,市价单,-29700股,0.96,-28512,-29700股,-,-4158,19.26,全部成交,2024-6-11 13:00
2024-6-11,13:00:00,股票,*ST东园(002310.XSHE),卖,市价单,-22000股,1.35,-29700,-22000股,-,-1760,19.85,全部成交,2024-6-11 13:00
2024-6-12,9:30:00,股票,*ST京蓝(000711.XSHE),买,市价单,15500股,1.92,29760,15500股,-,0,5,全部成交,2024-6-12 9:30
2024-6-12,13:00:00,股票,*ST傲农(603363.XSHG),卖,市价单,-7300股,4.26,-31098,-7300股,-,-2044,20.55,全部成交,2024-6-12 13:00
2024-6-13,13:00:00,股票,*ST京蓝(000711.XSHE),卖,市价单,-15500股,1.94,-30070,-15500股,-,310,20.04,全部成交,2024-6-13 13:00
2024-6-14,9:30:00,股票,*ST东园(002310.XSHE),买,市价单,21600股,1.4,30240,21600股,-,0,5,全部成交,2024-6-14 9:30
2024-6-17,13:00:00,股票,*ST东园(002310.XSHE),卖,市价单,-21600股,1.52,-32832,-21600股,-,2592,21.42,全部成交,2024-6-17 13:00
2024-6-18,9:30:00,股票,*ST东园(002310.XSHE),买,市价单,20300股,1.52,30856,20300股,-,0,5,全部成交,2024-6-18 9:30
2024-6-18,9:30:00,股票,ST加加(002650.XSHE),买,市价单,16100股,1.91,30751,16100股,-,0,5,全部成交,2024-6-18 9:30
2024-6-18,9:30:00,股票,ST瑞德(600666.XSHG),买,市价单,23900股,1.3,31070,23900股,-,0,5,全部成交,2024-6-18 9:30
2024-6-19,13:00:00,股票,ST瑞德(600666.XSHG),卖,市价单,-23900股,1.4,-33460,-23900股,-,2390,21.73,全部成交,2024-6-19 13:00
2024-6-19,14:00:00,股票,*ST东园(002310.XSHE),卖,市价单,-20300股,1.55,-31465,-20300股,-,609,20.73,全部成交,2024-6-19 14:00
2024-6-20,9:30:00,股票,*ST海越(600387.XSHG),买,市价单,11900股,2.68,31892,11900股,-,0,5,全部成交,2024-6-20 9:30
2024-6-20,9:30:00,股票,ST瑞德(600666.XSHG),买,市价单,23300股,1.38,32154,23300股,-,0,5,全部成交,2024-6-20 9:30
2024-6-20,9:30:00,股票,ST红太阳(000525.XSHE),买,市价单,5200股,6.1,31720,5200股,-,0,5,全部成交,2024-6-20 9:30
2024-6-20,13:00:00,股票,ST加加(002650.XSHE),卖,市价单,-16100股,2.16,-34776,-16100股,-,4025,22.39,全部成交,2024-6-20 13:00
2024-6-21,9:30:00,股票,*ST鹏博(600804.XSHG),买,市价单,25000股,1.39,34750,25000股,-,0,5,全部成交,2024-6-21 9:30
2024-6-21,13:00:00,股票,ST瑞德(600666.XSHG),卖,市价单,-23300股,1.38,-32154,-23300股,-,0,21.08,全部成交,2024-6-21 13:00
2024-6-21,14:00:00,股票,*ST海越(600387.XSHG),卖,市价单,-11900股,2.56,-30464,-11900股,-,-1428,20.23,全部成交,2024-6-21 14:00
2024-6-21,14:55:00,股票,ST红太阳(000525.XSHE),卖,市价单,-5200股,6.1,-31720,-5200股,-,0,20.86,全部成交,2024-6-21 14:55
2024-6-24,13:00:00,股票,*ST鹏博(600804.XSHG),卖,市价单,-0股,--,0,-25000股,-,0,0,已撤单,2024-6-24 13:00
2024-6-24,14:00:00,股票,*ST鹏博(600804.XSHG),卖,市价单,-0股,--,0,-25000股,-,0,0,已撤单,2024-6-24 14:00
2024-6-24,14:55:00,股票,*ST鹏博(600804.XSHG),卖,市价单,-0股,--,0,-25000股,-,0,0,已撤单,2024-6-24 14:55
2024-6-25,9:30:00,股票,ST三圣(002742.XSHE),买,市价单,19100股,1.64,31324,19100股,-,0,5,全部成交,2024-6-25 9:30
2024-6-26,14:00:00,股票,ST三圣(002742.XSHE),卖,市价单,-19100股,1.68,-32088,-19100股,-,764,21.04,全部成交,2024-6-26 14:00
2024-6-27,13:00:00,股票,*ST鹏博(600804.XSHG),卖,市价单,-25000股,1.32,-33000,-25000股,-,-1750,21.5,全部成交,2024-6-27 13:00
2024-7-2,9:30:00,股票,*ST同洲(002052.XSHE),买,市价单,31000股,1.03,31930,31000股,-,0,5,全部成交,2024-7-2 9:30
2024-7-2,9:30:00,股票,ST德豪(002005.XSHE),买,市价单,30100股,1.06,31906,30100股,-,0,5,全部成交,2024-7-2 9:30
2024-7-2,9:30:00,股票,ST康美(600518.XSHG),买,市价单,16700股,1.91,31897,16700股,-,0,5,全部成交,2024-7-2 9:30
2024-7-3,13:00:00,股票,*ST同洲(002052.XSHE),卖,市价单,-31000股,1.03,-31930,-31000股,-,0,20.96,全部成交,2024-7-3 13:00
2024-7-4,9:30:00,股票,ST万林(603117.XSHG),买,市价单,6800股,4.68,31824,6800股,-,0,5,全部成交,2024-7-4 9:30
2024-7-5,9:30:00,股票,*ST名家(300506.XSHE),买,市价单,18500股,1.74,32190,18500股,-,0,5,全部成交,2024-7-5 9:30
2024-7-5,13:00:00,股票,ST德豪(002005.XSHE),卖,市价单,-30100股,1.01,-30401,-30100股,-,-1505,20.2,全部成交,2024-7-5 13:00
2024-7-5,13:00:00,股票,康美药业(600518.XSHG),卖,市价单,-16700股,2.16,-36072,-16700股,-,4175,23.04,全部成交,2024-7-5 13:00
2024-7-5,13:00:00,股票,ST万林(603117.XSHG),卖,市价单,-6800股,4.86,-33048,-6800股,-,1224,21.52,全部成交,2024-7-5 13:00
2024-7-8,14:00:00,股票,*ST名家(300506.XSHE),卖,市价单,-18500股,1.68,-31080,-18500股,-,-1110,20.54,全部成交,2024-7-8 14:00
2024-7-9,9:30:00,股票,*ST吉药(300108.XSHE),买,市价单,23600股,1.38,32568,23600股,-,0,5,全部成交,2024-7-9 9:30
2024-7-9,9:30:00,股票,*ST宁科(600165.XSHG),买,市价单,17500股,1.86,32550,17500股,-,0,5,全部成交,2024-7-9 9:30
2024-7-9,9:30:00,股票,*ST同洲(002052.XSHE),买,市价单,30800股,1.06,32648,30800股,-,0,5,全部成交,2024-7-9 9:30
2024-7-9,9:30:00,股票,*ST西发(000752.XSHE),买,市价单,4500股,7.16,32220,4500股,-,0,5,全部成交,2024-7-9 9:30
2024-7-10,13:00:00,股票,*ST吉药(300108.XSHE),卖,市价单,-23600股,1.38,-32568,-23600股,-,0,21.28,全部成交,2024-7-10 13:00
2024-7-10,13:00:00,股票,*ST宁科(600165.XSHG),卖,市价单,-0股,--,0,-17500股,-,0,0,已撤单,2024-7-10 13:00
2024-7-10,14:00:00,股票,*ST宁科(600165.XSHG),卖,市价单,-0股,--,0,-17500股,-,0,0,已撤单,2024-7-10 14:00
2024-7-10,14:00:00,股票,*ST西发(000752.XSHE),卖,市价单,-4500股,7.16,-32220,-4500股,-,0,21.11,全部成交,2024-7-10 14:00
2024-7-10,14:55:00,股票,*ST宁科(600165.XSHG),卖,市价单,-0股,--,0,-17500股,-,0,0,已撤单,2024-7-10 14:55
2024-7-11,9:30:00,股票,ST西钢(600117.XSHG),买,市价单,14700股,2.22,32634,14700股,-,0,5,全部成交,2024-7-11 9:30
2024-7-11,13:00:00,股票,*ST宁科(600165.XSHG),卖,市价单,-17500股,1.9,-33250,-17500股,-,700,21.62,全部成交,2024-7-11 13:00
2024-7-12,9:30:00,股票,*ST九有(600462.XSHG),买,市价单,24000股,1.38,33120,24000股,-,0,5,全部成交,2024-7-12 9:30
2024-7-12,13:00:00,股票,*ST同洲(002052.XSHE),卖,市价单,-30800股,1.14,-35112,-30800股,-,2464,22.56,全部成交,2024-7-12 13:00
2024-7-12,13:00:00,股票,ST西钢(600117.XSHG),卖,市价单,-14700股,2.38,-34986,-14700股,-,2352,22.49,全部成交,2024-7-12 13:00
2024-7-15,9:30:00,股票,ST中装(002822.XSHE),买,市价单,28800股,1.19,34272,28800股,-,0,5,全部成交,2024-7-15 9:30
2024-7-15,9:30:00,股票,ST证通(002197.XSHE),买,市价单,9600股,3.54,33984,9600股,-,0,5,全部成交,2024-7-15 9:30
2024-7-15,9:30:00,股票,ST永悦(603879.XSHG),买,市价单,14500股,2.36,34220,14500股,-,0,5,全部成交,2024-7-15 9:30
2024-7-15,13:00:00,股票,*ST九有(600462.XSHG),卖,市价单,-24000股,1.4,-33600,-24000股,-,480,21.8,全部成交,2024-7-15 13:00
2024-7-16,9:30:00,股票,*ST迪威(300167.XSHE),买,市价单,20200股,1.68,33936,20200股,-,0,5,全部成交,2024-7-16 9:30
2024-7-16,13:00:00,股票,ST证通(002197.XSHE),卖,市价单,-9600股,3.72,-35712,-9600股,-,1728,22.86,全部成交,2024-7-16 13:00
2024-7-16,13:00:00,股票,ST永悦(603879.XSHG),卖,市价单,-14500股,2.6,-37700,-14500股,-,3480,23.85,全部成交,2024-7-16 13:00
2024-7-17,9:30:00,股票,ST永悦(603879.XSHG),买,市价单,14000股,2.62,36680,14000股,-,0,5,全部成交,2024-7-17 9:30
2024-7-17,9:30:00,股票,ST八菱(002592.XSHE),买,市价单,8600股,4.26,36636,8600股,-,0,5,全部成交,2024-7-17 9:30
2024-7-17,14:00:00,股票,ST中装(002822.XSHE),卖,市价单,-28800股,1.38,-39744,-28800股,-,5472,24.87,全部成交,2024-7-17 14:00
2024-7-18,9:30:00,股票,ST中装(002822.XSHE),买,市价单,28600股,1.39,39754,28600股,-,0,5,全部成交,2024-7-18 9:30
2024-7-18,13:00:00,股票,ST永悦(603879.XSHG),卖,市价单,-0股,--,0,-14000股,-,0,0,已撤单,2024-7-18 13:00
2024-7-18,14:00:00,股票,ST永悦(603879.XSHG),卖,市价单,-0股,--,0,-14000股,-,0,0,已撤单,2024-7-18 14:00
2024-7-18,14:55:00,股票,ST永悦(603879.XSHG),卖,市价单,-0股,--,0,-14000股,-,0,0,已撤单,2024-7-18 14:55
2024-7-19,13:00:00,股票,ST八菱(002592.XSHE),卖,市价单,-8600股,4.12,-35432,-8600股,-,-1204,22.72,全部成交,2024-7-19 13:00
2024-7-19,13:00:00,股票,ST中装(002822.XSHE),卖,市价单,-28600股,1.33,-38038,-28600股,-,-1716,24.02,全部成交,2024-7-19 13:00
2024-7-19,14:00:00,股票,*ST迪威(300167.XSHE),卖,市价单,-20200股,1.7,-34340,-20200股,-,404,22.17,全部成交,2024-7-19 14:00
2024-7-22,9:30:00,股票,ST天邦(002124.XSHE),买,市价单,14900股,2.4,35760,14900股,-,0,5,全部成交,2024-7-22 9:30
2024-7-23,9:30:00,股票,ST特信(000070.XSHE),买,市价单,8100股,4.42,35802,8100股,-,0,5,全部成交,2024-7-23 9:30
2024-7-23,9:30:00,股票,ST数源(000909.XSHE),买,市价单,10000股,3.6,36000,10000股,-,0,5,全部成交,2024-7-23 9:30
2024-7-23,13:00:00,股票,ST永悦(603879.XSHG),卖,市价单,-14000股,2.7,-37800,-14000股,-,1120,23.9,全部成交,2024-7-23 13:00
2024-7-23,13:00:00,股票,ST天邦(002124.XSHE),卖,市价单,-14900股,2.3,-34270,-14900股,-,-1490,22.14,全部成交,2024-7-23 13:00
2024-7-24,9:30:00,股票,ST华微(600360.XSHG),买,市价单,8800股,4.08,35904,8800股,-,0,5,全部成交,2024-7-24 9:30
2024-7-24,9:30:00,股票,*ST博信(600083.XSHG),买,市价单,17900股,2.01,35979,17900股,-,0,5,全部成交,2024-7-24 9:30
2024-7-24,13:00:00,股票,ST特信(000070.XSHE),卖,市价单,-8100股,4.51,-36531,-8100股,-,729,23.27,全部成交,2024-7-24 13:00
2024-7-24,14:00:00,股票,ST数源(000909.XSHE),卖,市价单,-10000股,3.49,-34900,-10000股,-,-1100,22.45,全部成交,2024-7-24 14:00
2024-7-25,9:30:00,股票,ST美谷(000615.XSHE),买,市价单,17400股,2.06,35844,17400股,-,0,5,全部成交,2024-7-25 9:30
2024-7-25,9:30:00,股票,ST中珠(600568.XSHG),买,市价单,27500股,1.3,35750,27500股,-,0,5,全部成交,2024-7-25 9:30
2024-7-25,13:00:00,股票,*ST博信(600083.XSHG),卖,市价单,-17900股,2.02,-36158,-17900股,-,179,23.08,全部成交,2024-7-25 13:00
2024-7-26,9:30:00,股票,ST高鸿(000851.XSHE),买,市价单,17100股,2.12,36252,17100股,-,0,5,全部成交,2024-7-26 9:30
2024-7-26,13:00:00,股票,ST华微(600360.XSHG),卖,市价单,-8800股,3.74,-32912,-8800股,-,-2992,21.46,全部成交,2024-7-26 13:00
2024-7-26,14:00:00,股票,ST中珠(600568.XSHG),卖,市价单,-27500股,1.3,-35750,-27500股,-,0,22.88,全部成交,2024-7-26 14:00
2024-7-29,9:30:00,股票,*ST吉药(300108.XSHE),买,市价单,23300股,1.48,34484,23300股,-,0,5,全部成交,2024-7-29 9:30
2024-7-29,9:30:00,股票,ST中装(002822.XSHE),买,市价单,21100股,1.62,34182,21100股,-,0,5,全部成交,2024-7-29 9:30
2024-7-30,13:00:00,股票,*ST吉药(300108.XSHE),卖,市价单,-23300股,1.7,-39610,-23300股,-,5126,24.8,全部成交,2024-7-30 13:00
2024-7-30,13:00:00,股票,ST中装(002822.XSHE),卖,市价单,-21100股,1.78,-37558,-21100股,-,3376,23.78,全部成交,2024-7-30 13:00
2024-7-31,9:30:00,股票,ST中装(002822.XSHE),买,市价单,23000股,1.67,38410,23000股,-,0,5,全部成交,2024-7-31 9:30
2024-7-31,9:30:00,股票,ST永悦(603879.XSHG),买,市价单,14900股,2.58,38442,14900股,-,0,5,全部成交,2024-7-31 9:30
2024-7-31,13:00:00,股票,ST高鸿(000851.XSHE),卖,市价单,-0股,--,0,-17100股,-,0,0,已撤单,2024-7-31 13:00
2024-7-31,14:00:00,股票,ST高鸿(000851.XSHE),卖,市价单,-0股,--,0,-17100股,-,0,0,已撤单,2024-7-31 14:00
2024-7-31,14:55:00,股票,ST高鸿(000851.XSHE),卖,市价单,-0股,--,0,-17100股,-,0,0,已撤单,2024-7-31 14:55
2024-8-1,13:00:00,股票,ST中装(002822.XSHE),卖,市价单,-23000股,1.78,-40940,-23000股,-,2530,25.47,全部成交,2024-8-1 13:00
2024-8-1,13:00:00,股票,ST永悦(603879.XSHG),卖,市价单,-14900股,2.64,-39336,-14900股,-,894,24.67,全部成交,2024-8-1 13:00
2024-8-1,14:55:00,股票,ST美谷(000615.XSHE),卖,市价单,-17400股,2.06,-35844,-17400股,-,0,22.92,全部成交,2024-8-1 14:55
2024-8-2,9:30:00,股票,ST明诚(600136.XSHG),买,市价单,26900股,1.44,38736,26900股,-,0,5,全部成交,2024-8-2 9:30
2024-8-5,9:30:00,股票,*ST博信(600083.XSHG),买,市价单,18900股,2.05,38745,18900股,-,0,5,全部成交,2024-8-5 9:30
2024-8-5,13:00:00,股票,ST高鸿(000851.XSHE),卖,市价单,-17100股,2.43,-41553,-17100股,-,5301,25.78,全部成交,2024-8-5 13:00
2024-8-5,14:00:00,股票,ST明诚(600136.XSHG),卖,市价单,-26900股,1.38,-37122,-26900股,-,-1614,23.56,全部成交,2024-8-5 14:00
2024-8-6,9:30:00,股票,*ST科新(600234.XSHG),买,市价单,13200股,2.96,39072,13200股,-,0,5,全部成交,2024-8-6 9:30
2024-8-6,9:30:00,股票,*ST恒立(000622.XSHE),买,市价单,21200股,1.84,39008,21200股,-,0,5,全部成交,2024-8-6 9:30
2024-8-6,9:30:00,股票,ST沪科(600608.XSHG),买,市价单,16100股,2.44,39284,16100股,-,0,5,全部成交,2024-8-6 9:30
2024-8-7,13:00:00,股票,ST沪科(600608.XSHG),卖,市价单,-16100股,2.54,-40894,-16100股,-,1610,25.45,全部成交,2024-8-7 13:00
2024-8-8,9:30:00,股票,ST百灵(002424.XSHE),买,市价单,11100股,3.68,40848,11100股,-,0,5,全部成交,2024-8-8 9:30
2024-8-8,13:00:00,股票,*ST博信(600083.XSHG),卖,市价单,-18900股,2.43,-45927,-18900股,-,7182,27.96,全部成交,2024-8-8 13:00
2024-8-9,9:30:00,股票,*ST中润(000506.XSHE),买,市价单,33000股,1.39,45870,33000股,-,0,5,全部成交,2024-8-9 9:30
2024-8-9,13:00:00,股票,*ST科新(600234.XSHG),卖,市价单,-13200股,3.22,-42504,-13200股,-,3432,26.25,全部成交,2024-8-9 13:00
2024-8-9,13:00:00,股票,*ST恒立(000622.XSHE),卖,市价单,-21200股,1.98,-41976,-21200股,-,2968,25.99,全部成交,2024-8-9 13:00
2024-8-9,13:00:00,股票,ST百灵(002424.XSHE),卖,市价单,-11100股,3.68,-40848,-11100股,-,0,25.42,全部成交,2024-8-9 13:00
2024-8-12,9:30:00,股票,ST中装(002822.XSHE),买,市价单,24400股,1.72,41968,24400股,-,0,5,全部成交,2024-8-12 9:30
2024-8-12,9:30:00,股票,*ST美讯(600898.XSHG),买,市价单,29800股,1.4,41720,29800股,-,0,5,全部成交,2024-8-12 9:30
2024-8-12,9:30:00,股票,ST三圣(002742.XSHE),买,市价单,16000股,2.6,41600,16000股,-,0,5,全部成交,2024-8-12 9:30
2024-8-13,13:00:00,股票,ST中装(002822.XSHE),卖,市价单,-24400股,1.78,-43432,-24400股,-,1464,26.72,全部成交,2024-8-13 13:00
2024-8-13,13:00:00,股票,ST三圣(002742.XSHE),卖,市价单,-16000股,2.68,-42880,-16000股,-,1280,26.44,全部成交,2024-8-13 13:00
2024-8-14,13:00:00,股票,*ST中润(000506.XSHE),卖,市价单,-33000股,1.35,-44550,-33000股,-,-1320,27.28,全部成交,2024-8-14 13:00
2024-8-15,9:30:00,股票,*ST恒立(000622.XSHE),买,市价单,22800股,1.91,43548,22800股,-,0,5,全部成交,2024-8-15 9:30
2024-8-15,9:30:00,股票,*ST金科(000656.XSHE),买,市价单,36900股,1.18,43542,36900股,-,0,5,全部成交,2024-8-15 9:30
2024-8-15,9:30:00,股票,*ST文投(600715.XSHG),买,市价单,24400股,1.78,43432,24400股,-,0,5,全部成交,2024-8-15 9:30
2024-8-16,13:00:00,股票,*ST美讯(600898.XSHG),卖,市价单,-29800股,1.44,-42912,-29800股,-,1192,26.46,全部成交,2024-8-16 13:00
2024-8-16,13:00:00,股票,*ST恒立(000622.XSHE),卖,市价单,-22800股,1.9,-43320,-22800股,-,-228,26.66,全部成交,2024-8-16 13:00
2024-8-16,13:00:00,股票,*ST文投(600715.XSHG),卖,市价单,-24400股,1.85,-45140,-24400股,-,1708,27.57,全部成交,2024-8-16 13:00
2024-8-16,14:55:00,股票,*ST金科(000656.XSHE),卖,市价单,-36900股,1.28,-47232,-36900股,-,3690,28.62,全部成交,2024-8-16 14:55
2024-8-19,9:30:00,股票,*ST通脉(603559.XSHG),买,市价单,8100股,5.48,44388,8100股,-,0,5,全部成交,2024-8-19 9:30
2024-8-21,9:30:00,股票,*ST宁科(600165.XSHG),买,市价单,22200股,2.01,44622,22200股,-,0,5,全部成交,2024-8-21 9:30
2024-8-21,9:30:00,股票,ST红太阳(000525.XSHE),买,市价单,5200股,8.62,44824,5200股,-,0,5,全部成交,2024-8-21 9:30
2024-8-21,9:30:00,股票,ST智知(603869.XSHG),买,市价单,9900股,4.51,44649,9900股,-,0,5,全部成交,2024-8-21 9:30
2024-8-22,13:00:00,股票,ST红太阳(000525.XSHE),卖,市价单,-5200股,8.83,-45916,-5200股,-,1092,27.96,全部成交,2024-8-22 13:00
2024-8-22,13:00:00,股票,ST智知(603869.XSHG),卖,市价单,-9900股,4.61,-45639,-9900股,-,990,27.82,全部成交,2024-8-22 13:00
2024-8-23,9:30:00,股票,*ST美讯(600898.XSHG),买,市价单,30700股,1.5,46050,30700股,-,0,5,全部成交,2024-8-23 9:30
2024-8-23,9:30:00,股票,*ST工智(000584.XSHE),买,市价单,26300股,1.74,45762,26300股,-,0,5,全部成交,2024-8-23 9:30
2024-8-23,13:00:00,股票,*ST宁科(600165.XSHG),卖,市价单,-22200股,2.24,-49728,-22200股,-,5106,29.86,全部成交,2024-8-23 13:00
2024-8-23,14:55:00,股票,*ST通脉(603559.XSHG),卖,市价单,-8100股,6.16,-49896,-8100股,-,5508,29.95,全部成交,2024-8-23 14:55
2024-8-26,9:30:00,股票,*ST宁科(600165.XSHG),买,市价单,22600股,2.2,49720,22600股,-,0,5,全部成交,2024-8-26 9:30
2024-8-26,9:30:00,股票,*ST同洲(002052.XSHE),买,市价单,27400股,1.82,49868,27400股,-,0,5,全部成交,2024-8-26 9:30
2024-8-27,13:00:00,股票,*ST美讯(600898.XSHG),卖,市价单,-0股,--,0,-30700股,-,0,0,已撤单,2024-8-27 13:00
2024-8-27,14:00:00,股票,*ST美讯(600898.XSHG),卖,市价单,-0股,--,0,-30700股,-,0,0,已撤单,2024-8-27 14:00
2024-8-27,14:55:00,股票,*ST美讯(600898.XSHG),卖,市价单,-0股,--,0,-30700股,-,0,0,已撤单,2024-8-27 14:55
2024-8-28,13:00:00,股票,*ST美讯(600898.XSHG),卖,市价单,-30700股,1.42,-43594,-30700股,-,-2456,26.8,全部成交,2024-8-28 13:00
2024-8-28,14:00:00,股票,*ST工智(000584.XSHE),卖,市价单,-26300股,2.08,-54704,-26300股,-,8942,32.82,全部成交,2024-8-28 14:00
2024-8-28,14:00:00,股票,*ST宁科(600165.XSHG),卖,市价单,-22600股,2.28,-51528,-22600股,-,1808,30.92,全部成交,2024-8-28 14:00
2024-8-29,9:30:00,股票,*ST九有(600462.XSHG),买,市价单,35100股,1.42,49842,35100股,-,0,5,全部成交,2024-8-29 9:30
2024-8-29,9:30:00,股票,ST沪科(600608.XSHG),买,市价单,18300股,2.72,49776,18300股,-,0,5,全部成交,2024-8-29 9:30
2024-8-29,9:30:00,股票,*ST中利(002309.XSHE),买,市价单,23900股,2.08,49712,23900股,-,0,5,全部成交,2024-8-29 9:30
2024-8-30,13:00:00,股票,*ST九有(600462.XSHG),卖,市价单,-35100股,1.42,-49842,-35100股,-,0,29.92,全部成交,2024-8-30 13:00
2024-8-30,13:00:00,股票,ST沪科(600608.XSHG),卖,市价单,-18300股,2.76,-50508,-18300股,-,732,30.3,全部成交,2024-8-30 13:00
2024-8-30,14:00:00,股票,*ST同洲(002052.XSHE),卖,市价单,-27400股,2.33,-63842,-27400股,-,13974,38.31,全部成交,2024-8-30 14:00
2024-8-30,14:00:00,股票,*ST中利(002309.XSHE),卖,市价单,-23900股,2.1,-50190,-23900股,-,478,30.11,全部成交,2024-8-30 14:00
2024-9-2,9:30:00,股票,ST加加(002650.XSHE),买,市价单,23300股,2.3,53590,23300股,-,0,5.36,全部成交,2024-9-2 9:30
2024-9-3,9:30:00,股票,ST中装(002822.XSHE),买,市价单,28900股,1.86,53754,28900股,-,0,5.38,全部成交,2024-9-3 9:30
2024-9-3,9:30:00,股票,ST墨龙(002490.XSHE),买,市价单,25300股,2.12,53636,25300股,-,0,5.36,全部成交,2024-9-3 9:30
2024-9-3,9:30:00,股票,ST金一(002721.XSHE),买,市价单,24500股,2.18,53410,24500股,-,0,5.34,全部成交,2024-9-3 9:30
2024-9-3,13:00:00,股票,ST加加(002650.XSHE),卖,市价单,-23300股,2.22,-51726,-23300股,-,-1864,31.04,全部成交,2024-9-3 13:00
2024-9-4,9:30:00,股票,ST百利(603959.XSHG),买,市价单,27900股,1.86,51894,27900股,-,0,5.19,全部成交,2024-9-4 9:30
2024-9-4,13:00:00,股票,ST金一(002721.XSHE),卖,市价单,-24500股,2.34,-57330,-24500股,-,3920,34.4,全部成交,2024-9-4 13:00
2024-9-4,14:00:00,股票,ST中装(002822.XSHE),卖,市价单,-28900股,1.78,-51442,-28900股,-,-2312,30.87,全部成交,2024-9-4 14:00
2024-9-5,9:30:00,股票,*ST合泰(002217.XSHE),买,市价单,40200股,1.36,54672,40200股,-,0,5.47,全部成交,2024-9-5 9:30
2024-9-5,9:30:00,股票,*ST东园(002310.XSHE),买,市价单,39300股,1.38,54234,39300股,-,0,5.42,全部成交,2024-9-5 9:30
2024-9-6,13:00:00,股票,ST墨龙(002490.XSHE),卖,市价单,-25300股,1.96,-49588,-25300股,-,-4048,29.79,全部成交,2024-9-6 13:00
2024-9-6,13:00:00,股票,*ST合泰(002217.XSHE),卖,市价单,-40200股,1.46,-58692,-40200股,-,4020,35.22,全部成交,2024-9-6 13:00
2024-9-6,13:00:00,股票,*ST东园(002310.XSHE),卖,市价单,-39300股,1.42,-55806,-39300股,-,1572,33.48,全部成交,2024-9-6 13:00
2024-9-6,14:55:00,股票,ST百利(603959.XSHG),卖,市价单,-27900股,1.88,-52452,-27900股,-,558,31.47,全部成交,2024-9-6 14:55
2024-9-9,9:30:00,股票,*ST合泰(002217.XSHE),买,市价单,36500股,1.48,54020,36500股,-,0,5.4,全部成交,2024-9-9 9:30
2024-9-9,9:30:00,股票,ST通葡(600365.XSHG),买,市价单,21100股,2.56,54016,21100股,-,0,5.4,全部成交,2024-9-9 9:30
2024-9-9,9:30:00,股票,*ST文投(600715.XSHG),买,市价单,28500股,1.89,53865,28500股,-,0,5.39,全部成交,2024-9-9 9:30
2024-9-10,9:30:00,股票,ST英飞拓(002528.XSHE),买,市价单,22200股,2.44,54168,22200股,-,0,5.42,全部成交,2024-9-10 9:30
2024-9-10,13:00:00,股票,*ST文投(600715.XSHG),卖,市价单,-28500股,1.88,-53580,-28500股,-,-285,32.15,全部成交,2024-9-10 13:00
2024-9-11,9:30:00,股票,ST升达(002259.XSHE),买,市价单,20500股,2.6,53300,20500股,-,0,5.33,全部成交,2024-9-11 9:30
2024-9-11,13:00:00,股票,*ST合泰(002217.XSHE),卖,市价单,-0股,--,0,-36500股,-,0,0,已撤单,2024-9-11 13:00
2024-9-11,13:00:00,股票,ST通葡(600365.XSHG),卖,市价单,-21100股,2.45,-51695,-21100股,-,-2321,31.02,全部成交,2024-9-11 13:00
2024-9-11,14:00:00,股票,*ST合泰(002217.XSHE),卖,市价单,-0股,--,0,-36500股,-,0,0,已撤单,2024-9-11 14:00
2024-9-11,14:55:00,股票,*ST合泰(002217.XSHE),卖,市价单,-0股,--,0,-36500股,-,0,0,已撤单,2024-9-11 14:55
2024-9-12,9:30:00,股票,*ST文投(600715.XSHG),买,市价单,27400股,1.89,51786,27400股,-,0,5.18,全部成交,2024-9-12 9:30
2024-9-12,13:00:00,股票,ST英飞拓(002528.XSHE),卖,市价单,-22200股,2.34,-51948,-22200股,-,-2220,31.17,全部成交,2024-9-12 13:00
2024-9-12,13:00:00,股票,ST升达(002259.XSHE),卖,市价单,-20500股,2.62,-53710,-20500股,-,410,32.23,全部成交,2024-9-12 13:00
2024-9-13,13:00:00,股票,*ST合泰(002217.XSHE),卖,市价单,-36500股,1.31,-47815,-36500股,-,-6205,28.91,全部成交,2024-9-13 13:00
2024-9-13,13:00:00,股票,*ST文投(600715.XSHG),卖,市价单,-27400股,1.88,-51512,-27400股,-,-274,30.91,全部成交,2024-9-13 13:00
2024-9-18,9:30:00,股票,ST中装(002822.XSHE),买,市价单,25800股,1.98,51084,25800股,-,0,5.11,全部成交,2024-9-18 9:30
2024-9-18,9:30:00,股票,ST通葡(600365.XSHG),买,市价单,20000股,2.55,51000,20000股,-,0,5.1,全部成交,2024-9-18 9:30
2024-9-19,13:00:00,股票,ST中装(002822.XSHE),卖,市价单,-25800股,2.02,-52116,-25800股,-,1032,31.27,全部成交,2024-9-19 13:00
2024-9-19,13:00:00,股票,ST通葡(600365.XSHG),卖,市价单,-20000股,2.56,-51200,-20000股,-,200,30.72,全部成交,2024-9-19 13:00
2024-9-20,9:30:00,股票,ST起步(603557.XSHG),买,市价单,25500股,2.02,51510,25500股,-,0,5.15,全部成交,2024-9-20 9:30
2024-9-23,9:30:00,股票,ST中装(002822.XSHE),买,市价单,25700股,2,51400,25700股,-,0,5.14,全部成交,2024-9-23 9:30
2024-9-23,9:30:00,股票,*ST围海(002586.XSHE),买,市价单,29200股,1.76,51392,29200股,-,0,5.14,全部成交,2024-9-23 9:30
2024-9-24,13:00:00,股票,ST中装(002822.XSHE),卖,市价单,-25700股,2.04,-52428,-25700股,-,1028,31.46,全部成交,2024-9-24 13:00
2024-9-25,9:30:00,股票,ST聆达(300125.XSHE),买,市价单,10800股,4.82,52056,10800股,-,0,5.21,全部成交,2024-9-25 9:30
2024-9-25,14:00:00,股票,ST起步(603557.XSHG),卖,市价单,-25500股,2.04,-52020,-25500股,-,510,31.21,全部成交,2024-9-25 14:00
2024-9-26,9:30:00,股票,ST盛屯(600711.XSHG),买,市价单,13700股,3.8,52060,13700股,-,0,5.21,全部成交,2024-9-26 9:30
2024-9-26,13:00:00,股票,*ST围海(002586.XSHE),卖,市价单,-29200股,1.84,-53728,-29200股,-,2336,32.24,全部成交,2024-9-26 13:00
2024-9-26,13:00:00,股票,ST聆达(300125.XSHE),卖,市价单,-10800股,4.99,-53892,-10800股,-,1836,32.34,全部成交,2024-9-26 13:00
2024-9-27,9:30:00,股票,*ST中迪(000609.XSHE),买,市价单,26600股,2,53200,26600股,-,0,5.32,全部成交,2024-9-27 9:30
2024-9-27,9:30:00,股票,ST明诚(600136.XSHG),买,市价单,37700股,1.41,53157,37700股,-,0,5.32,全部成交,2024-9-27 9:30
2024-9-27,9:30:00,股票,*ST金时(002951.XSHE),买,市价单,9300股,5.68,52824,9300股,-,0,5.28,全部成交,2024-9-27 9:30
2024-9-27,14:00:00,股票,ST盛屯(600711.XSHG),卖,市价单,-13700股,4.11,-56307,-13700股,-,4247,33.78,全部成交,2024-9-27 14:00
2024-9-30,9:30:00,股票,*ST文投(600715.XSHG),买,市价单,27600股,2.05,56580,27600股,-,0,5.66,全部成交,2024-9-30 9:30
2024-9-30,13:00:00,股票,*ST中迪(000609.XSHE),卖,市价单,-26600股,2.02,-53732,-26600股,-,532,32.24,全部成交,2024-9-30 13:00
2024-9-30,13:00:00,股票,ST明诚(600136.XSHG),卖,市价单,-37700股,1.46,-55042,-37700股,-,1885,33.03,全部成交,2024-9-30 13:00
2024-10-8,13:00:00,股票,*ST金时(002951.XSHE),卖,市价单,-9300股,5.82,-54126,-9300股,-,1302,32.48,全部成交,2024-10-8 13:00
2024-10-8,14:00:00,股票,*ST文投(600715.XSHG),卖,市价单,-27600股,1.98,-54648,-27600股,-,-1932,32.79,全部成交,2024-10-8 14:00
2024-10-9,9:30:00,股票,ST广网(600831.XSHG),买,市价单,23300股,2.34,54522,23300股,-,0,5.45,全部成交,2024-10-9 9:30
2024-10-9,9:30:00,股票,ST盛屯(600711.XSHG),买,市价单,12500股,4.34,54250,12500股,-,0,5.42,全部成交,2024-10-9 9:30
2024-10-9,9:30:00,股票,ST墨龙(002490.XSHE),买,市价单,24300股,2.24,54432,24300股,-,0,5.44,全部成交,2024-10-9 9:30
2024-10-9,9:30:00,股票,*ST威帝(603023.XSHG),买,市价单,25300股,2.14,54142,25300股,-,0,5.41,全部成交,2024-10-9 9:30
2024-10-10,13:00:00,股票,*ST威帝(603023.XSHG),卖,市价单,-25300股,2.04,-51612,-25300股,-,-2530,30.97,全部成交,2024-10-10 13:00
2024-10-11,9:30:00,股票,ST华微(600360.XSHG),买,市价单,13900股,3.7,51430,13900股,-,0,5.14,全部成交,2024-10-11 9:30
2024-10-11,13:00:00,股票,ST盛屯(600711.XSHG),卖,市价单,-12500股,4.18,-52250,-12500股,-,-2000,31.35,全部成交,2024-10-11 13:00
2024-10-11,13:00:00,股票,ST墨龙(002490.XSHE),卖,市价单,-24300股,2.16,-52488,-24300股,-,-1944,31.49,全部成交,2024-10-11 13:00
2024-10-11,14:55:00,股票,ST广网(600831.XSHG),卖,市价单,-23300股,2.24,-52192,-23300股,-,-2330,31.32,全部成交,2024-10-11 14:55
2024-10-14,9:30:00,股票,*ST通脉(603559.XSHG),买,市价单,6600股,7.9,52140,6600股,-,0,5.21,全部成交,2024-10-14 9:30
2024-10-14,9:30:00,股票,ST金一(002721.XSHE),买,市价单,18500股,2.82,52170,18500股,-,0,5.22,全部成交,2024-10-14 9:30
2024-10-14,13:00:00,股票,ST华微(600360.XSHG),卖,市价单,-13900股,3.74,-51986,-13900股,-,556,31.19,全部成交,2024-10-14 13:00
2024-10-15,13:00:00,股票,*ST通脉(603559.XSHG),卖,市价单,-6600股,8.03,-52998,-6600股,-,858,31.8,全部成交,2024-10-15 13:00
2024-10-15,13:00:00,股票,ST金一(002721.XSHE),卖,市价单,-18500股,2.98,-55130,-18500股,-,2960,33.08,全部成交,2024-10-15 13:00
2024-10-16,9:30:00,股票,*ST花王(603007.XSHG),买,市价单,7100股,7.46,52966,7100股,-,0,5.3,全部成交,2024-10-16 9:30
2024-10-17,9:30:00,股票,ST美谷(000615.XSHE),买,市价单,24600股,2.16,53136,24600股,-,0,5.31,全部成交,2024-10-17 9:30
2024-10-17,9:30:00,股票,ST加加(002650.XSHE),买,市价单,23500股,2.26,53110,23500股,-,0,5.31,全部成交,2024-10-17 9:30
2024-10-17,9:30:00,股票,*ST科新(600234.XSHG),买,市价单,16300股,3.26,53138,16300股,-,0,5.31,全部成交,2024-10-17 9:30
2024-10-17,13:00:00,股票,*ST花王(603007.XSHG),卖,市价单,-7100股,7.76,-55096,-7100股,-,2130,33.06,全部成交,2024-10-17 13:00
2024-10-18,9:30:00,股票,ST金一(002721.XSHE),买,市价单,18500股,3,55500,18500股,-,0,5.55,全部成交,2024-10-18 9:30
2024-10-18,13:00:00,股票,ST加加(002650.XSHE),卖,市价单,-23500股,2.28,-53580,-23500股,-,470,32.15,全部成交,2024-10-18 13:00
2024-10-21,9:30:00,股票,ST恒久(002808.XSHE),买,市价单,24500股,2.18,53410,24500股,-,0,5.34,全部成交,2024-10-21 9:30
2024-10-21,13:00:00,股票,ST美谷(000615.XSHE),卖,市价单,-24600股,2.06,-50676,-24600股,-,-2460,30.41,全部成交,2024-10-21 13:00
2024-10-21,13:00:00,股票,ST金一(002721.XSHE),卖,市价单,-18500股,3.06,-56610,-18500股,-,1110,33.97,全部成交,2024-10-21 13:00
2024-10-21,14:00:00,股票,*ST科新(600234.XSHG),卖,市价单,-16300股,3.28,-53464,-16300股,-,326,32.08,全部成交,2024-10-21 14:00
2024-10-22,9:30:00,股票,ST宇顺(002289.XSHE),买,市价单,16000股,3.34,53440,16000股,-,0,5.34,全部成交,2024-10-22 9:30
2024-10-22,13:00:00,股票,ST恒久(002808.XSHE),卖,市价单,-24500股,2.22,-54390,-24500股,-,980,32.63,全部成交,2024-10-22 13:00
2024-10-23,9:30:00,股票,*ST农尚(300536.XSHE),买,市价单,8000股,6.72,53760,8000股,-,0,5.38,全部成交,2024-10-23 9:30
2024-10-23,9:30:00,股票,ST沪科(600608.XSHG),买,市价单,18500股,2.9,53650,18500股,-,0,5.36,全部成交,2024-10-23 9:30
2024-10-23,9:30:00,股票,ST目药(600671.XSHG),买,市价单,6400股,8.39,53696,6400股,-,0,5.37,全部成交,2024-10-23 9:30
2024-10-23,14:55:00,股票,ST宇顺(002289.XSHE),卖,市价单,-16000股,3.49,-55840,-16000股,-,2400,33.5,全部成交,2024-10-23 14:55
2024-10-24,9:30:00,股票,ST盛屯(600711.XSHG),买,市价单,11800股,4.76,56168,11800股,-,0,5.62,全部成交,2024-10-24 9:30
2024-10-24,13:00:00,股票,*ST农尚(300536.XSHE),卖,市价单,-8000股,7.48,-59840,-8000股,-,6080,35.9,全部成交,2024-10-24 13:00
2024-10-24,13:00:00,股票,ST目药(600671.XSHG),卖,市价单,-6400股,8.41,-53824,-6400股,-,128,32.29,全部成交,2024-10-24 13:00
2024-10-25,9:30:00,股票,ST百利(603959.XSHG),买,市价单,27100股,2.1,56910,27100股,-,0,5.69,全部成交,2024-10-25 9:30
2024-10-25,9:30:00,股票,ST元成(603388.XSHG),买,市价单,27100股,2.1,56910,27100股,-,0,5.69,全部成交,2024-10-25 9:30
2024-10-25,13:00:00,股票,ST沪科(600608.XSHG),卖,市价单,-18500股,3.18,-58830,-18500股,-,5180,35.3,全部成交,2024-10-25 13:00
2024-10-25,13:00:00,股票,ST盛屯(600711.XSHG),卖,市价单,-11800股,5,-59000,-11800股,-,2832,35.4,全部成交,2024-10-25 13:00
2024-10-28,9:30:00,股票,*ST景峰(000908.XSHE),买,市价单,12500股,4.72,59000,12500股,-,0,5.9,全部成交,2024-10-28 9:30
2024-10-28,9:30:00,股票,*ST鹏博(600804.XSHG),买,市价单,39400股,1.5,59100,39400股,-,0,5.91,全部成交,2024-10-28 9:30
2024-10-29,13:00:00,股票,ST元成(603388.XSHG),卖,市价单,-27100股,2.26,-61246,-27100股,-,4336,36.75,全部成交,2024-10-29 13:00
2024-10-30,9:30:00,股票,ST恒久(002808.XSHE),买,市价单,22400股,2.72,60928,22400股,-,0,6.09,全部成交,2024-10-30 9:30
2024-10-31,13:00:00,股票,*ST鹏博(600804.XSHG),卖,市价单,-39400股,1.54,-60676,-39400股,-,1576,36.41,全部成交,2024-10-31 13:00
2024-10-31,13:00:00,股票,ST恒久(002808.XSHE),卖,市价单,-22400股,2.84,-63616,-22400股,-,2688,38.17,全部成交,2024-10-31 13:00
2024-11-1,9:30:00,股票,*ST中迪(000609.XSHE),买,市价单,26500股,2.34,62010,26500股,-,0,6.2,全部成交,2024-11-1 9:30
2024-11-1,9:30:00,股票,ST高鸿(000851.XSHE),买,市价单,19800股,3.14,62172,19800股,-,0,6.22,全部成交,2024-11-1 9:30
2024-11-1,13:00:00,股票,ST百利(603959.XSHG),卖,市价单,-27100股,2.6,-70460,-27100股,-,13550,42.28,全部成交,2024-11-1 13:00
2024-11-1,13:00:00,股票,*ST景峰(000908.XSHE),卖,市价单,-12500股,5.12,-64000,-12500股,-,5000,38.4,全部成交,2024-11-1 13:00
2024-11-4,9:30:00,股票,ST东时(603377.XSHG),买,市价单,35300股,1.9,67070,35300股,-,0,6.71,全部成交,2024-11-4 9:30
2024-11-4,9:30:00,股票,*ST信通(600289.XSHG),买,市价单,39700股,1.69,67093,39700股,-,0,6.71,全部成交,2024-11-4 9:30
2024-11-5,14:00:00,股票,ST高鸿(000851.XSHE),卖,市价单,-19800股,3.14,-62172,-19800股,-,0,37.3,全部成交,2024-11-5 14:00
2024-11-5,14:00:00,股票,*ST信通(600289.XSHG),卖,市价单,-39700股,1.7,-67490,-39700股,-,397,40.49,全部成交,2024-11-5 14:00
2024-11-6,9:30:00,股票,ST曙光(600303.XSHG),买,市价单,22300股,2.9,64670,22300股,-,0,6.47,全部成交,2024-11-6 9:30
2024-11-6,9:30:00,股票,*ST文投(600715.XSHG),买,市价单,28200股,2.3,64860,28200股,-,0,6.49,全部成交,2024-11-6 9:30
2024-11-6,13:00:00,股票,*ST中迪(000609.XSHE),卖,市价单,-26500股,2.52,-66780,-26500股,-,4770,40.07,全部成交,2024-11-6 13:00
2024-11-6,14:00:00,股票,ST东时(603377.XSHG),卖,市价单,-35300股,2.22,-78366,-35300股,-,11296,47.02,全部成交,2024-11-6 14:00
2024-11-7,9:30:00,股票,*ST中迪(000609.XSHE),买,市价单,30500股,2.38,72590,30500股,-,0,7.26,全部成交,2024-11-7 9:30
2024-11-7,9:30:00,股票,ST金鸿(000669.XSHE),买,市价单,41700股,1.74,72558,41700股,-,0,7.26,全部成交,2024-11-7 9:30
2024-11-7,13:00:00,股票,ST曙光(600303.XSHG),卖,市价单,-22300股,3.04,-67792,-22300股,-,3122,40.68,全部成交,2024-11-7 13:00
2024-11-7,14:00:00,股票,*ST文投(600715.XSHG),卖,市价单,-28200股,2.33,-65706,-28200股,-,846,39.42,全部成交,2024-11-7 14:00
2024-11-8,9:30:00,股票,ST锦港(600190.XSHG),买,市价单,37000股,1.8,66600,37000股,-,0,6.66,全部成交,2024-11-8 9:30
2024-11-8,9:30:00,股票,*ST宁科(600165.XSHG),买,市价单,32500股,2.05,66625,32500股,-,0,6.66,全部成交,2024-11-8 9:30
2024-11-8,13:00:00,股票,*ST中迪(000609.XSHE),卖,市价单,-30500股,2.42,-73810,-30500股,-,1220,44.29,全部成交,2024-11-8 13:00
2024-11-8,13:00:00,股票,ST金鸿(000669.XSHE),卖,市价单,-41700股,1.8,-75060,-41700股,-,2502,45.04,全部成交,2024-11-8 13:00
2024-11-11,9:30:00,股票,ST永悦(603879.XSHG),买,市价单,19600股,3.8,74480,19600股,-,0,7.45,全部成交,2024-11-11 9:30
2024-11-11,9:30:00,股票,*ST九有(600462.XSHG),买,市价单,49600股,1.5,74400,49600股,-,0,7.44,全部成交,2024-11-11 9:30
2024-11-12,13:00:00,股票,*ST宁科(600165.XSHG),卖,市价单,-32500股,2.32,-75400,-32500股,-,8775,45.24,全部成交,2024-11-12 13:00
2024-11-12,13:00:00,股票,*ST九有(600462.XSHG),卖,市价单,-49600股,1.58,-78368,-49600股,-,3968,47.02,全部成交,2024-11-12 13:00
2024-11-12,14:00:00,股票,ST锦港(600190.XSHG),卖,市价单,-37000股,1.94,-71780,-37000股,-,5180,43.07,全部成交,2024-11-12 14:00
2024-11-12,14:55:00,股票,ST永悦(603879.XSHG),卖,市价单,-19600股,4.11,-80556,-19600股,-,6076,48.33,全部成交,2024-11-12 14:55
2024-11-13,9:30:00,股票,ST凯文(002425.XSHE),买,市价单,31200股,2.46,76752,31200股,-,0,7.68,全部成交,2024-11-13 9:30
2024-11-13,9:30:00,股票,ST元成(603388.XSHG),买,市价单,27000股,2.84,76680,27000股,-,0,7.67,全部成交,2024-11-13 9:30
2024-11-13,9:30:00,股票,*ST贤丰(002141.XSHE),买,市价单,48400股,1.58,76472,48400股,-,0,7.65,全部成交,2024-11-13 9:30
2024-11-13,9:30:00,股票,ST永悦(603879.XSHG),买,市价单,19300股,3.94,76042,19300股,-,0,7.6,全部成交,2024-11-13 9:30
2024-11-14,13:00:00,股票,ST凯文(002425.XSHE),卖,市价单,-31200股,2.5,-78000,-31200股,-,1248,46.8,全部成交,2024-11-14 13:00
2024-11-14,13:00:00,股票,*ST贤丰(002141.XSHE),卖,市价单,-48400股,1.61,-77924,-48400股,-,1452,46.75,全部成交,2024-11-14 13:00
2024-11-14,13:00:00,股票,ST永悦(603879.XSHG),卖,市价单,-19300股,4.06,-78358,-19300股,-,2316,47.01,全部成交,2024-11-14 13:00
2024-11-15,9:30:00,股票,ST高鸿(000851.XSHE),买,市价单,20100股,3.88,77988,20100股,-,0,7.8,全部成交,2024-11-15 9:30
2024-11-15,9:30:00,股票,ST美谷(000615.XSHE),买,市价单,28300股,2.76,78108,28300股,-,0,7.81,全部成交,2024-11-15 9:30
2024-11-15,13:00:00,股票,ST元成(603388.XSHG),卖,市价单,-27000股,2.64,-71280,-27000股,-,-5400,42.77,全部成交,2024-11-15 13:00
2024-11-18,9:30:00,股票,ST柯利达(603828.XSHG),买,市价单,22200股,3.36,74592,22200股,-,0,7.46,全部成交,2024-11-18 9:30
2024-11-18,9:30:00,股票,*ST九有(600462.XSHG),买,市价单,49100股,1.52,74632,49100股,-,0,7.46,全部成交,2024-11-18 9:30
2024-11-20,13:00:00,股票,ST柯利达(603828.XSHG),卖,市价单,-22200股,3.24,-71928,-22200股,-,-2664,43.16,全部成交,2024-11-20 13:00
2024-11-20,14:00:00,股票,*ST九有(600462.XSHG),卖,市价单,-49100股,1.52,-74632,-49100股,-,0,44.78,全部成交,2024-11-20 14:00
2024-11-21,13:00:00,股票,ST高鸿(000851.XSHE),卖,市价单,-20100股,3.8,-76380,-20100股,-,-1608,45.83,全部成交,2024-11-21 13:00
2024-11-22,9:30:00,股票,*ST东园(002310.XSHE),买,市价单,29700股,2.5,74250,29700股,-,0,7.43,全部成交,2024-11-22 9:30
2024-11-22,9:30:00,股票,ST西发(000752.XSHE),买,市价单,9100股,8.17,74347,9100股,-,0,7.43,全部成交,2024-11-22 9:30
2024-11-22,9:30:00,股票,*ST金科(000656.XSHE),买,市价单,43700股,1.7,74290,43700股,-,0,7.43,全部成交,2024-11-22 9:30
2024-11-25,13:00:00,股票,ST西发(000752.XSHE),卖,市价单,-9100股,8.49,-77259,-9100股,-,2912,46.36,全部成交,2024-11-25 13:00
2024-11-25,14:55:00,股票,*ST金科(000656.XSHE),卖,市价单,-43700股,1.64,-71668,-43700股,-,-2622,43,全部成交,2024-11-25 14:55
2024-11-27,13:00:00,股票,ST美谷(000615.XSHE),卖,市价单,-28300股,3.48,-98484,-28300股,-,20376,59.09,全部成交,2024-11-27 13:00
2024-11-28,9:30:00,股票,ST中装(002822.XSHE),买,市价单,20800股,3.96,82368,20800股,-,0,8.24,全部成交,2024-11-28 9:30
2024-11-28,9:30:00,股票,ST惠程(002168.XSHE),买,市价单,29100股,2.84,82644,29100股,-,0,8.26,全部成交,2024-11-28 9:30
2024-11-28,9:30:00,股票,*ST科新(600234.XSHG),买,市价单,16200股,5.08,82296,16200股,-,0,8.23,全部成交,2024-11-28 9:30
2024-11-29,13:00:00,股票,*ST东园(002310.XSHE),卖,市价单,-29700股,2.22,-65934,-29700股,-,-8316,39.56,全部成交,2024-11-29 13:00
2024-11-29,13:00:00,股票,ST中装(002822.XSHE),卖,市价单,-20800股,4.01,-83408,-20800股,-,1040,50.04,全部成交,2024-11-29 13:00
2024-11-29,13:00:00,股票,*ST科新(600234.XSHG),卖,市价单,-16200股,5.11,-82782,-16200股,-,486,49.67,全部成交,2024-11-29 13:00
2024-12-2,9:30:00,股票,ST美谷(000615.XSHE),买,市价单,20700股,3.74,77418,20700股,-,0,7.74,全部成交,2024-12-2 9:30
2024-12-2,9:30:00,股票,ST元成(603388.XSHG),买,市价单,27000股,2.86,77220,27000股,-,0,7.72,全部成交,2024-12-2 9:30
2024-12-2,9:30:00,股票,ST恒久(002808.XSHE),买,市价单,20500股,3.78,77490,20500股,-,0,7.75,全部成交,2024-12-2 9:30
2024-12-3,13:00:00,股票,ST惠程(002168.XSHE),卖,市价单,-29100股,2.84,-82644,-29100股,-,0,49.59,全部成交,2024-12-3 13:00
2024-12-3,13:00:00,股票,ST美谷(000615.XSHE),卖,市价单,-20700股,4.18,-86526,-20700股,-,9108,51.92,全部成交,2024-12-3 13:00
2024-12-3,13:00:00,股票,ST元成(603388.XSHG),卖,市价单,-27000股,3.04,-82080,-27000股,-,4860,49.25,全部成交,2024-12-3 13:00
2024-12-4,9:30:00,股票,ST步步高(002251.XSHE),买,市价单,21000股,3.98,83580,21000股,-,0,8.36,全部成交,2024-12-4 9:30
2024-12-4,9:30:00,股票,ST易购(002024.XSHE),买,市价单,39000股,2.14,83460,39000股,-,0,8.35,全部成交,2024-12-4 9:30
2024-12-4,13:00:00,股票,ST恒久(002808.XSHE),卖,市价单,-20500股,4.26,-87330,-20500股,-,9840,52.4,全部成交,2024-12-4 13:00
2024-12-5,9:30:00,股票,ST恒久(002808.XSHE),买,市价单,20500股,4.16,85280,20500股,-,0,8.53,全部成交,2024-12-5 9:30
2024-12-5,9:30:00,股票,ST元成(603388.XSHG),买,市价单,27300股,3.14,85722,27300股,-,0,8.57,全部成交,2024-12-5 9:30
2024-12-5,13:00:00,股票,ST步步高(002251.XSHE),卖,市价单,-21000股,3.98,-83580,-21000股,-,0,50.15,全部成交,2024-12-5 13:00
2024-12-5,13:00:00,股票,ST易购(002024.XSHE),卖,市价单,-39000股,2.16,-84240,-39000股,-,780,50.54,全部成交,2024-12-5 13:00
2024-12-6,9:30:00,股票,*ST龙宇(603003.XSHG),买,市价单,13700股,6.12,83844,13700股,-,0,8.38,全部成交,2024-12-6 9:30
2024-12-6,9:30:00,股票,ST德豪(002005.XSHE),买,市价单,41700股,2.01,83817,41700股,-,0,8.38,全部成交,2024-12-6 9:30
2024-12-6,13:00:00,股票,ST恒久(002808.XSHE),卖,市价单,-20500股,4,-82000,-20500股,-,-3280,49.2,全部成交,2024-12-6 13:00
2024-12-6,13:00:00,股票,ST元成(603388.XSHG),卖,市价单,-27300股,3.49,-95277,-27300股,-,9555,57.17,全部成交,2024-12-6 13:00
2024-12-9,9:30:00,股票,ST凯文(002425.XSHE),买,市价单,35400股,2.5,88500,35400股,-,0,8.85,全部成交,2024-12-9 9:30
2024-12-9,9:30:00,股票,*ST贤丰(002141.XSHE),买,市价单,50300股,1.76,88528,50300股,-,0,8.85,全部成交,2024-12-9 9:30
2024-12-9,13:00:00,股票,*ST龙宇(603003.XSHG),卖,市价单,-13700股,6.42,-87954,-13700股,-,4110,52.77,全部成交,2024-12-9 13:00
2024-12-9,13:00:00,股票,ST德豪(002005.XSHE),卖,市价单,-0股,--,0,-41700股,-,0,0,已撤单,2024-12-9 13:00
2024-12-9,14:00:00,股票,ST德豪(002005.XSHE),卖,市价单,-0股,--,0,-41700股,-,0,0,已撤单,2024-12-9 14:00
2024-12-9,14:55:00,股票,ST德豪(002005.XSHE),卖,市价单,-0股,--,0,-41700股,-,0,0,已撤单,2024-12-9 14:55
2024-12-10,9:30:00,股票,ST明诚(600136.XSHG),买,市价单,41500股,2.12,87980,41500股,-,0,8.8,全部成交,2024-12-10 9:30
2024-12-10,13:00:00,股票,ST凯文(002425.XSHE),卖,市价单,-35400股,2.6,-92040,-35400股,-,3540,55.22,全部成交,2024-12-10 13:00
2024-12-10,13:00:00,股票,*ST贤丰(002141.XSHE),卖,市价单,-50300股,1.78,-89534,-50300股,-,1006,53.72,全部成交,2024-12-10 13:00
2024-12-11,9:30:00,股票,ST中装(002822.XSHE),买,市价单,20600股,4.39,90434,20600股,-,0,9.04,全部成交,2024-12-11 9:30
2024-12-11,9:30:00,股票,*ST人乐(002336.XSHE),买,市价单,16200股,5.6,90720,16200股,-,0,9.07,全部成交,2024-12-11 9:30
2024-12-11,13:00:00,股票,ST明诚(600136.XSHG),卖,市价单,-41500股,2.16,-89640,-41500股,-,1660,53.78,全部成交,2024-12-11 13:00
2024-12-12,9:30:00,股票,ST春天(600381.XSHG),买,市价单,25900股,3.48,90132,25900股,-,0,9.01,全部成交,2024-12-12 9:30
2024-12-12,13:00:00,股票,ST中装(002822.XSHE),卖,市价单,-20600股,4.44,-91464,-20600股,-,1030,54.88,全部成交,2024-12-12 13:00
2024-12-12,13:00:00,股票,*ST人乐(002336.XSHE),卖,市价单,-16200股,6.1,-98820,-16200股,-,8100,59.29,全部成交,2024-12-12 13:00
2024-12-13,13:00:00,股票,ST德豪(002005.XSHE),卖,市价单,-41700股,2.08,-86736,-41700股,-,2919,52.04,全部成交,2024-12-13 13:00
2024-12-13,13:00:00,股票,ST春天(600381.XSHG),卖,市价单,-25900股,3.6,-93240,-25900股,-,3108,55.94,全部成交,2024-12-13 13:00
2024-12-16,9:30:00,股票,ST华微(600360.XSHG),买,市价单,17800股,5.2,92560,17800股,-,0,9.26,全部成交,2024-12-16 9:30
2024-12-17,9:30:00,股票,*ST科新(600234.XSHG),买,市价单,13900股,6.64,92296,13900股,-,0,9.23,全部成交,2024-12-17 9:30
2024-12-17,13:00:00,股票,ST华微(600360.XSHG),卖,市价单,-17800股,4.99,-88822,-17800股,-,-3738,53.29,全部成交,2024-12-17 13:00
2024-12-19,13:00:00,股票,*ST科新(600234.XSHG),卖,市价单,-13900股,6.16,-85624,-13900股,-,-6672,51.37,全部成交,2024-12-19 13:00
2024-12-23,9:30:00,股票,ST三圣(002742.XSHE),买,市价单,20100股,4.46,89646,20100股,-,0,8.96,全部成交,2024-12-23 9:30
2024-12-23,9:30:00,股票,ST华通(002602.XSHE),买,市价单,18000股,5,90000,18000股,-,0,9,全部成交,2024-12-23 9:30
2024-12-24,13:00:00,股票,ST华通(002602.XSHE),卖,市价单,-18000股,4.74,-85320,-18000股,-,-4680,51.19,全部成交,2024-12-24 13:00
2024-12-25,13:00:00,股票,ST三圣(002742.XSHE),卖,市价单,-20100股,4.22,-84822,-20100股,-,-4824,50.89,全部成交,2024-12-25 13:00
2025-1-3,9:30:00,股票,ST步森(002569.XSHE),买,市价单,8600股,10.14,87204,8600股,-,0,8.72,全部成交,2025-1-3 9:30
2025-1-6,13:00:00,股票,ST步森(002569.XSHE),卖,市价单,-8600股,10.48,-90128,-8600股,-,2924,54.08,全部成交,2025-1-6 13:00
2025-1-7,9:30:00,股票,ST步森(002569.XSHE),买,市价单,8800股,10.01,88088,8800股,-,0,8.81,全部成交,2025-1-7 9:30
2025-1-8,9:30:00,股票,ST天山(300313.XSHE),买,市价单,14200股,6.2,88040,14200股,-,0,8.8,全部成交,2025-1-8 9:30
2025-1-8,13:00:00,股票,ST步森(002569.XSHE),卖,市价单,-8800股,10.38,-91344,-8800股,-,3256,54.81,全部成交,2025-1-8 13:00
2025-1-9,9:30:00,股票,ST金鸿(000669.XSHE),买,市价单,39800股,2.24,89152,39800股,-,0,8.92,全部成交,2025-1-9 9:30
2025-1-9,9:30:00,股票,ST春天(600381.XSHG),买,市价单,22700股,3.94,89438,22700股,-,0,8.94,全部成交,2025-1-9 9:30
2025-1-9,13:00:00,股票,ST天山(300313.XSHE),卖,市价单,-14200股,6.24,-88608,-14200股,-,568,53.16,全部成交,2025-1-9 13:00
2025-1-10,13:00:00,股票,ST春天(600381.XSHG),卖,市价单,-22700股,4.14,-93978,-22700股,-,4540,56.39,全部成交,2025-1-10 13:00
2025-1-13,9:30:00,股票,ST春天(600381.XSHG),买,市价单,21800股,4.14,90252,21800股,-,0,9.03,全部成交,2025-1-13 9:30
2025-1-13,13:00:00,股票,ST金鸿(000669.XSHE),卖,市价单,-39800股,2.16,-85968,-39800股,-,-3184,51.58,全部成交,2025-1-13 13:00
2025-1-14,9:30:00,股票,*ST宁科(600165.XSHG),买,市价单,36200股,2.46,89052,36200股,-,0,8.91,全部成交,2025-1-14 9:30
2025-1-14,9:30:00,股票,ST宇顺(002289.XSHE),买,市价单,22700股,3.92,88984,22700股,-,0,8.9,全部成交,2025-1-14 9:30
2025-1-15,13:00:00,股票,ST春天(600381.XSHG),卖,市价单,-21800股,4.58,-99844,-21800股,-,9592,59.91,全部成交,2025-1-15 13:00
2025-1-16,13:00:00,股票,*ST宁科(600165.XSHG),卖,市价单,-36200股,2.66,-96292,-36200股,-,7240,57.78,全部成交,2025-1-16 13:00
2025-1-16,14:55:00,股票,ST宇顺(002289.XSHE),卖,市价单,-22700股,4.03,-91481,-22700股,-,2497,54.89,全部成交,2025-1-16 14:55
2025-1-20,9:30:00,股票,ST八菱(002592.XSHE),买,市价单,19700股,4.78,94166,19700股,-,0,9.42,全部成交,2025-1-20 9:30
2025-1-22,9:30:00,股票,ST柯利达(603828.XSHG),买,市价单,29300股,3.22,94346,29300股,-,0,9.43,全部成交,2025-1-22 9:30
2025-1-22,14:55:00,股票,ST八菱(002592.XSHE),卖,市价单,-19700股,4.82,-94954,-19700股,-,788,56.97,全部成交,2025-1-22 14:55
2025-1-23,9:30:00,股票,ST天邦(002124.XSHE),买,市价单,31000股,3.04,94240,31000股,-,0,9.42,全部成交,2025-1-23 9:30
2025-1-23,13:00:00,股票,ST柯利达(603828.XSHG),卖,市价单,-29300股,3.34,-97862,-29300股,-,3516,58.72,全部成交,2025-1-23 13:00
2025-1-24,13:00:00,股票,ST天邦(002124.XSHE),卖,市价单,-31000股,3.08,-95480,-31000股,-,1240,57.29,全部成交,2025-1-24 13:00
2025-2-5,9:30:00,股票,*ST科新(600234.XSHG),买,市价单,16600股,5.76,95616,16600股,-,0,9.56,全部成交,2025-2-5 9:30
2025-2-6,9:30:00,股票,*ST宁科(600165.XSHG),买,市价单,32800股,2.92,95776,32800股,-,0,9.58,全部成交,2025-2-6 9:30
2025-2-6,9:30:00,股票,ST升达(002259.XSHE),买,市价单,37400股,2.55,95370,37400股,-,0,9.54,全部成交,2025-2-6 9:30
2025-2-6,13:00:00,股票,*ST科新(600234.XSHG),卖,市价单,-16600股,5.48,-90968,-16600股,-,-4648,54.58,全部成交,2025-2-6 13:00
2025-2-7,9:30:00,股票,*ST中润(000506.XSHE),买,市价单,22500股,4.14,93150,22500股,-,0,9.32,全部成交,2025-2-7 9:30
2025-2-7,13:00:00,股票,ST升达(002259.XSHE),卖,市价单,-37400股,2.56,-95744,-37400股,-,374,57.45,全部成交,2025-2-7 13:00
2025-2-10,9:30:00,股票,ST华微(600360.XSHG),买,市价单,17900股,5.26,94154,17900股,-,0,9.42,全部成交,2025-2-10 9:30
2025-2-10,9:30:00,股票,ST元成(603388.XSHG),买,市价单,34100股,2.76,94116,34100股,-,0,9.41,全部成交,2025-2-10 9:30
2025-2-10,13:00:00,股票,*ST宁科(600165.XSHG),卖,市价单,-32800股,3.02,-99056,-32800股,-,3280,59.43,全部成交,2025-2-10 13:00
2025-2-11,9:30:00,股票,*ST宁科(600165.XSHG),买,市价单,32000股,3.1,99200,32000股,-,0,9.92,全部成交,2025-2-11 9:30
2025-2-11,13:00:00,股票,ST华微(600360.XSHG),卖,市价单,-17900股,5.3,-94870,-17900股,-,716,56.92,全部成交,2025-2-11 13:00
2025-2-11,13:00:00,股票,ST元成(603388.XSHG),卖,市价单,-34100股,2.78,-94798,-34100股,-,682,56.88,全部成交,2025-2-11 13:00
2025-2-12,9:30:00,股票,ST恒久(002808.XSHE),买,市价单,30900股,3.08,95172,30900股,-,0,9.52,全部成交,2025-2-12 9:30
2025-2-12,9:30:00,股票,*ST仁东(002647.XSHE),买,市价单,15600股,6.04,94224,15600股,-,0,9.42,全部成交,2025-2-12 9:30
2025-2-12,13:00:00,股票,*ST中润(000506.XSHE),卖,市价单,-22500股,4.58,-103050,-22500股,-,9900,61.83,全部成交,2025-2-12 13:00
2025-2-13,9:30:00,股票,*ST中润(000506.XSHE),买,市价单,22600股,4.56,103056,22600股,-,0,10.31,全部成交,2025-2-13 9:30
2025-2-13,13:00:00,股票,ST恒久(002808.XSHE),卖,市价单,-30900股,3.16,-97644,-30900股,-,2472,58.59,全部成交,2025-2-13 13:00
2025-2-13,13:00:00,股票,*ST仁东(002647.XSHE),卖,市价单,-15600股,6.08,-94848,-15600股,-,624,56.91,全部成交,2025-2-13 13:00
2025-2-14,9:30:00,股票,ST元成(603388.XSHG),买,市价单,31500股,3.06,96390,31500股,-,0,9.64,全部成交,2025-2-14 9:30
2025-2-14,9:30:00,股票,*ST摩登(002656.XSHE),买,市价单,44100股,2.18,96138,44100股,-,0,9.61,全部成交,2025-2-14 9:30
2025-2-14,13:00:00,股票,*ST宁科(600165.XSHG),卖,市价单,-0股,--,0,-32000股,-,0,0,已撤单,2025-2-14 13:00
2025-2-14,13:00:00,股票,*ST中润(000506.XSHE),卖,市价单,-22600股,4.82,-108932,-22600股,-,5876,65.36,全部成交,2025-2-14 13:00
2025-2-14,14:00:00,股票,*ST宁科(600165.XSHG),卖,市价单,-32000股,3.5,-112000,-32000股,-,12800,67.2,全部成交,2025-2-14 14:00
2025-2-17,9:30:00,股票,*ST九有(600462.XSHG),买,市价单,74100股,1.5,111150,74100股,-,0,11.12,全部成交,2025-2-17 9:30
2025-2-17,9:30:00,股票,ST德豪(002005.XSHE),买,市价单,58900股,1.86,109554,58900股,-,0,10.96,全部成交,2025-2-17 9:30
2025-2-17,13:00:00,股票,*ST摩登(002656.XSHE),卖,市价单,-44100股,2.31,-101871,-44100股,-,5733,61.12,全部成交,2025-2-17 13:00
2025-2-18,9:30:00,股票,ST墨龙(002490.XSHE),买,市价单,28100股,3.62,101722,28100股,-,0,10.17,全部成交,2025-2-18 9:30
2025-2-18,14:00:00,股票,ST元成(603388.XSHG),卖,市价单,-31500股,3.28,-103320,-31500股,-,6930,61.99,全部成交,2025-2-18 14:00
2025-2-18,14:00:00,股票,*ST九有(600462.XSHG),卖,市价单,-74100股,1.44,-106704,-74100股,-,-4446,64.02,全部成交,2025-2-18 14:00
2025-2-18,14:55:00,股票,ST德豪(002005.XSHE),卖,市价单,-58900股,1.78,-104842,-58900股,-,-4712,62.91,全部成交,2025-2-18 14:55
2025-2-19,9:30:00,股票,ST元成(603388.XSHG),买,市价单,33100股,3.18,105258,33100股,-,0,10.53,全部成交,2025-2-19 9:30
2025-2-19,9:30:00,股票,ST明诚(600136.XSHG),买,市价单,50200股,2.09,104918,50200股,-,0,10.49,全部成交,2025-2-19 9:30
2025-2-19,13:00:00,股票,ST墨龙(002490.XSHE),卖,市价单,-28100股,3.82,-107342,-28100股,-,5620,64.41,全部成交,2025-2-19 13:00
2025-2-20,13:00:00,股票,ST元成(603388.XSHG),卖,市价单,-33100股,3.5,-115850,-33100股,-,10592,69.51,全部成交,2025-2-20 13:00
2025-2-20,13:00:00,股票,ST明诚(600136.XSHG),卖,市价单,-50200股,2.16,-108432,-50200股,-,3514,65.06,全部成交,2025-2-20 13:00
2025-2-24,9:30:00,股票,*ST中润(000506.XSHE),买,市价单,20000股,5.44,108800,20000股,-,0,10.88,全部成交,2025-2-24 9:30
2025-2-25,13:00:00,股票,*ST中润(000506.XSHE),卖,市价单,-20000股,5.96,-119200,-20000股,-,10400,71.52,全部成交,2025-2-25 13:00
2025-2-26,9:30:00,股票,ST英飞拓(002528.XSHE),买,市价单,41000股,2.72,111520,41000股,-,0,11.15,全部成交,2025-2-26 9:30
2025-2-26,9:30:00,股票,*ST天沃(002564.XSHE),买,市价单,26900股,4.14,111366,26900股,-,0,11.14,全部成交,2025-2-26 9:30
2025-2-27,9:30:00,股票,ST墨龙(002490.XSHE),买,市价单,29100股,3.84,111744,29100股,-,0,11.17,全部成交,2025-2-27 9:30
2025-2-27,13:00:00,股票,*ST天沃(002564.XSHE),卖,市价单,-26900股,3.99,-107331,-26900股,-,-4035,64.4,全部成交,2025-2-27 13:00
2025-2-28,9:30:00,股票,ST三圣(002742.XSHE),买,市价单,26900股,4.08,109752,26900股,-,0,10.98,全部成交,2025-2-28 9:30
2025-2-28,13:00:00,股票,ST墨龙(002490.XSHE),卖,市价单,-29100股,3.88,-112908,-29100股,-,1164,67.74,全部成交,2025-2-28 13:00
2025-2-28,14:55:00,股票,ST英飞拓(002528.XSHE),卖,市价单,-41000股,2.62,-107420,-41000股,-,-4100,64.45,全部成交,2025-2-28 14:55
2025-3-3,9:30:00,股票,ST华微(600360.XSHG),买,市价单,18700股,5.86,109582,18700股,-,0,10.96,全部成交,2025-3-3 9:30
2025-3-3,9:30:00,股票,*ST中利(002309.XSHE),买,市价单,44200股,2.48,109616,44200股,-,0,10.96,全部成交,2025-3-3 9:30
2025-3-3,9:30:00,股票,*ST龙宇(603003.XSHG),买,市价单,19700股,5.56,109532,19700股,-,0,10.95,全部成交,2025-3-3 9:30
2025-3-3,14:00:00,股票,ST三圣(002742.XSHE),卖,市价单,-26900股,4.14,-111366,-26900股,-,1614,66.82,全部成交,2025-3-3 14:00
2025-3-4,9:30:00,股票,ST东时(603377.XSHG),买,市价单,46300股,2.42,112046,46300股,-,0,11.2,全部成交,2025-3-4 9:30
2025-3-4,14:00:00,股票,*ST中利(002309.XSHE),卖,市价单,-0股,--,0,-44200股,-,0,0,已撤单,2025-3-4 14:00
2025-3-4,14:55:00,股票,*ST龙宇(603003.XSHG),卖,市价单,-19700股,5.6,-110320,-19700股,-,788,66.19,全部成交,2025-3-4 14:55
2025-3-5,9:30:00,股票,*ST吉药(300108.XSHE),买,市价单,101100股,1.1,111210,101100股,-,0,11.12,全部成交,2025-3-5 9:30
2025-3-5,13:00:00,股票,ST华微(600360.XSHG),卖,市价单,-18700股,5.96,-111452,-18700股,-,1870,66.87,全部成交,2025-3-5 13:00
2025-3-6,9:30:00,股票,*ST恒立(000622.XSHE),买,市价单,37200股,2.96,110112,37200股,-,0,11.01,全部成交,2025-3-6 9:30
2025-3-6,13:00:00,股票,*ST中利(002309.XSHE),卖,市价单,-44200股,2.36,-104312,-44200股,-,-5304,62.59,全部成交,2025-3-6 13:00
2025-3-6,13:00:00,股票,ST东时(603377.XSHG),卖,市价单,-46300股,2.43,-112509,-46300股,-,463,67.51,全部成交,2025-3-6 13:00
2025-3-6,13:00:00,股票,*ST吉药(300108.XSHE),卖,市价单,-101100股,1.04,-105144,-101100股,-,-6066,63.09,全部成交,2025-3-6 13:00
2025-3-7,9:30:00,股票,*ST东园(002310.XSHE),买,市价单,60300股,1.78,107334,60300股,-,0,10.73,全部成交,2025-3-7 9:30
2025-3-7,14:00:00,股票,*ST恒立(000622.XSHE),卖,市价单,-37200股,2.86,-106392,-37200股,-,-3720,63.84,全部成交,2025-3-7 14:00
2025-3-10,13:00:00,股票,*ST东园(002310.XSHE),卖,市价单,-60300股,1.82,-109746,-60300股,-,2412,65.85,全部成交,2025-3-10 13:00
2025-3-11,9:30:00,股票,ST曙光(600303.XSHG),买,市价单,35000股,3.08,107800,35000股,-,0,10.78,全部成交,2025-3-11 9:30
2025-3-12,9:30:00,股票,ST盛屯(600711.XSHG),买,市价单,19200股,5.6,107520,19200股,-,0,10.75,全部成交,2025-3-12 9:30
2025-3-12,9:30:00,股票,*ST恒立(000622.XSHE),买,市价单,36300股,2.96,107448,36300股,-,0,10.74,全部成交,2025-3-12 9:30
2025-3-12,9:30:00,股票,ST沪科(600608.XSHG),买,市价单,30200股,3.56,107512,30200股,-,0,10.75,全部成交,2025-3-12 9:30
2025-3-12,13:00:00,股票,ST曙光(600303.XSHG),卖,市价单,-35000股,3.38,-118300,-35000股,-,10500,70.98,全部成交,2025-3-12 13:00
2025-3-13,9:30:00,股票,*ST信通(600289.XSHG),买,市价单,19100股,6.2,118420,19100股,-,0,11.84,全部成交,2025-3-13 9:30
2025-3-13,13:00:00,股票,*ST恒立(000622.XSHE),卖,市价单,-36300股,3.14,-113982,-36300股,-,6534,68.39,全部成交,2025-3-13 13:00
2025-3-14,9:30:00,股票,ST红太阳(000525.XSHE),买,市价单,19000股,6,114000,19000股,-,0,11.4,全部成交,2025-3-14 9:30
2025-3-17,13:00:00,股票,ST盛屯(600711.XSHG),卖,市价单,-19200股,5.96,-114432,-19200股,-,6912,68.66,全部成交,2025-3-17 13:00
2025-3-17,13:00:00,股票,ST红太阳(000525.XSHE),卖,市价单,-19000股,6.16,-117040,-19000股,-,3040,70.22,全部成交,2025-3-17 13:00
2025-3-18,9:30:00,股票,*ST金时(002951.XSHE),买,市价单,16100股,7.18,115598,16100股,-,0,11.56,全部成交,2025-3-18 9:30
2025-3-19,9:30:00,股票,*ST仁东(002647.XSHE),买,市价单,19200股,6.02,115584,19200股,-,0,11.56,全部成交,2025-3-19 9:30
2025-3-19,14:00:00,股票,ST沪科(600608.XSHG),卖,市价单,-30200股,3.44,-103888,-30200股,-,-3624,62.33,全部成交,2025-3-19 14:00
2025-3-19,14:00:00,股票,*ST金时(002951.XSHE),卖,市价单,-16100股,7.22,-116242,-16100股,-,644,69.75,全部成交,2025-3-19 14:00
2025-3-20,9:30:00,股票,ST证通(002197.XSHE),买,市价单,17900股,6.12,109548,17900股,-,0,10.95,全部成交,2025-3-20 9:30
2025-3-20,9:30:00,股票,ST宇顺(002289.XSHE),买,市价单,23200股,4.74,109968,23200股,-,0,11,全部成交,2025-3-20 9:30
2025-3-21,13:00:00,股票,*ST仁东(002647.XSHE),卖,市价单,-19200股,6.04,-115968,-19200股,-,384,69.58,全部成交,2025-3-21 13:00
2025-3-21,13:00:00,股票,ST宇顺(002289.XSHE),卖,市价单,-23200股,4.76,-110432,-23200股,-,464,66.26,全部成交,2025-3-21 13:00
2025-3-24,9:30:00,股票,ST百灵(002424.XSHE),买,市价单,27100股,4.18,113278,27100股,-,0,11.33,全部成交,2025-3-24 9:30
2025-3-24,9:30:00,股票,ST天邦(002124.XSHE),买,市价单,37500股,3.02,113250,37500股,-,0,11.32,全部成交,2025-3-24 9:30
2025-3-24,14:55:00,股票,*ST信通(600289.XSHG),卖,市价单,-19100股,9.17,-175147,-19100股,-,56727,105.09,全部成交,2025-3-24 14:55
2025-3-25,9:30:00,股票,*ST信通(600289.XSHG),买,市价单,20100股,8.7,174870,20100股,-,0,17.49,全部成交,2025-3-25 9:30
2025-3-25,13:00:00,股票,ST证通(002197.XSHE),卖,市价单,-17900股,5.48,-98092,-17900股,-,-11456,58.86,全部成交,2025-3-25 13:00
2025-3-25,13:00:00,股票,ST天邦(002124.XSHE),卖,市价单,-37500股,3.04,-114000,-37500股,-,750,68.4,全部成交,2025-3-25 13:00
2025-3-26,9:30:00,股票,*ST东园(002310.XSHE),买,市价单,52000股,2.04,106080,52000股,-,0,10.61,全部成交,2025-3-26 9:30
2025-3-26,13:00:00,股票,ST百灵(002424.XSHE),卖,市价单,-27100股,4.3,-116530,-27100股,-,3252,69.92,全部成交,2025-3-26 13:00
2025-3-27,9:30:00,股票,*ST天创(603608.XSHG),买,市价单,24000股,4.64,111360,24000股,-,0,11.14,全部成交,2025-3-27 9:30
2025-3-27,13:00:00,股票,*ST东园(002310.XSHE),卖,市价单,-52000股,2.18,-113360,-52000股,-,7280,68.02,全部成交,2025-3-27 13:00
2025-3-28,9:30:00,股票,ST百灵(002424.XSHE),买,市价单,25500股,4.4,112200,25500股,-,0,11.22,全部成交,2025-3-28 9:30
2025-3-28,9:30:00,股票,ST华微(600360.XSHG),买,市价单,16500股,6.8,112200,16500股,-,0,11.22,全部成交,2025-3-28 9:30
2025-3-28,13:00:00,股票,*ST天创(603608.XSHG),卖,市价单,-24000股,4.72,-113280,-24000股,-,1920,67.97,全部成交,2025-3-28 13:00
2025-3-31,9:30:00,股票,ST元成(603388.XSHG),买,市价单,32900股,3.46,113834,32900股,-,0,11.38,全部成交,2025-3-31 9:30
2025-3-31,13:00:00,股票,ST华微(600360.XSHG),卖,市价单,-16500股,6.8,-112200,-16500股,-,0,67.32,全部成交,2025-3-31 13:00
2025-3-31,14:00:00,股票,ST百灵(002424.XSHE),卖,市价单,-25500股,4.24,-108120,-25500股,-,-4080,64.87,全部成交,2025-3-31 14:00
2025-4-1,13:00:00,股票,*ST信通(600289.XSHG),卖,市价单,-0股,--,0,-20100股,-,0,0,已撤单,2025-4-1 13:00
2025-4-1,13:00:00,股票,ST元成(603388.XSHG),卖,市价单,-32900股,3.84,-126336,-32900股,-,12502,75.8,全部成交,2025-4-1 13:00
2025-4-1,14:00:00,股票,*ST信通(600289.XSHG),卖,市价单,-0股,--,0,-20100股,-,0,0,已撤单,2025-4-1 14:00
2025-4-1,14:55:00,股票,*ST信通(600289.XSHG),卖,市价单,-0股,--,0,-20100股,-,0,0,已撤单,2025-4-1 14:55
2025-4-2,9:30:00,股票,ST联合(600358.XSHG),买,市价单,25900股,4.44,114996,25900股,-,0,11.5,全部成交,2025-4-2 9:30
2025-4-2,9:30:00,股票,*ST中润(000506.XSHE),买,市价单,20600股,5.6,115360,20600股,-,0,11.54,全部成交,2025-4-2 9:30
2025-4-2,9:30:00,股票,*ST宁科(600165.XSHG),买,市价单,26000股,4.43,115180,26000股,-,0,11.52,全部成交,2025-4-2 9:30
2025-4-3,13:00:00,股票,*ST中润(000506.XSHE),卖,市价单,-20600股,5.7,-117420,-20600股,-,2060,70.45,全部成交,2025-4-3 13:00
2025-4-3,13:00:00,股票,*ST宁科(600165.XSHG),卖,市价单,-26000股,4.6,-119600,-26000股,-,4420,71.76,全部成交,2025-4-3 13:00
2025-4-3,14:00:00,股票,ST联合(600358.XSHG),卖,市价单,-25900股,4.26,-110334,-25900股,-,-4662,66.2,全部成交,2025-4-3 14:00
2025-4-7,9:30:00,股票,ST墨龙(002490.XSHE),买,市价单,33100股,3.5,115850,33100股,-,0,11.58,全部成交,2025-4-7 9:30
2025-4-9,14:00:00,股票,*ST信通(600289.XSHG),卖,市价单,-20100股,5.94,-119394,-20100股,-,-55476,71.64,全部成交,2025-4-9 14:00
2025-4-9,14:00:00,股票,ST墨龙(002490.XSHE),卖,市价单,-33100股,3.38,-111878,-33100股,-,-3972,67.13,全部成交,2025-4-9 14:00
2025-4-11,9:30:00,股票,ST联合(600358.XSHG),买,市价单,27500股,4.2,115500,27500股,-,0,11.55,全部成交,2025-4-11 9:30
2025-4-14,9:30:00,股票,ST永悦(603879.XSHG),买,市价单,26300股,4.4,115720,26300股,-,0,11.57,全部成交,2025-4-14 9:30
2025-4-14,9:30:00,股票,*ST中润(000506.XSHE),买,市价单,20800股,5.56,115648,20800股,-,0,11.56,全部成交,2025-4-14 9:30
2025-4-14,9:30:00,股票,ST目药(600671.XSHG),买,市价单,10100股,11.42,115342,10100股,-,0,11.53,全部成交,2025-4-14 9:30
2025-4-14,13:00:00,股票,ST联合(600358.XSHG),卖,市价单,-27500股,4.3,-118250,-27500股,-,2750,70.95,全部成交,2025-4-14 13:00
2025-4-15,13:00:00,股票,ST永悦(603879.XSHG),卖,市价单,-26300股,4.73,-124399,-26300股,-,8679,74.64,全部成交,2025-4-15 13:00
2025-4-15,13:00:00,股票,*ST中润(000506.XSHE),卖,市价单,-20800股,5.98,-124384,-20800股,-,8736,74.63,全部成交,2025-4-15 13:00
2025-4-15,13:00:00,股票,ST目药(600671.XSHG),卖,市价单,-10100股,11.82,-119382,-10100股,-,4040,71.63,全部成交,2025-4-15 13:00
2025-4-17,9:30:00,股票,*ST科新(600234.XSHG),买,市价单,19400股,6.26,121444,19400股,-,0,12.14,全部成交,2025-4-17 9:30
2025-4-18,13:00:00,股票,*ST科新(600234.XSHG),卖,市价单,-19400股,6.34,-122996,-19400股,-,1552,73.8,全部成交,2025-4-18 13:00
2025-4-21,9:30:00,股票,ST升达(002259.XSHE),买,市价单,46700股,2.62,122354,46700股,-,0,12.24,全部成交,2025-4-21 9:30
2025-4-22,9:30:00,股票,ST柯利达(603828.XSHG),买,市价单,21200股,5.76,122112,21200股,-,0,12.21,全部成交,2025-4-22 9:30
2025-4-22,13:00:00,股票,ST升达(002259.XSHE),卖,市价单,-46700股,2.68,-125156,-46700股,-,2802,75.09,全部成交,2025-4-22 13:00
2025-4-24,9:30:00,股票,ST新潮(600777.XSHG),买,市价单,38300股,3.22,123326,38300股,-,0,12.33,全部成交,2025-4-24 9:30
2025-4-24,13:00:00,股票,ST柯利达(603828.XSHG),卖,市价单,-21200股,6.02,-127624,-21200股,-,5512,76.57,全部成交,2025-4-24 13:00
2025-4-30,9:30:00,股票,ST凯文(002425.XSHE),买,市价单,56200股,2.22,124764,56200股,-,0,12.48,全部成交,2025-4-30 9:30
2025-5-6,9:30:00,股票,*ST金科(000656.XSHE),买,市价单,91300股,1.36,124168,91300股,-,0,12.42,全部成交,2025-5-6 9:30
2025-5-6,13:00:00,股票,ST凯文(002425.XSHE),卖,市价单,-56200股,2.34,-131508,-56200股,-,6744,78.9,全部成交,2025-5-6 13:00
2025-5-7,13:00:00,股票,*ST金科(000656.XSHE),卖,市价单,-91300股,1.37,-125081,-91300股,-,913,75.05,全部成交,2025-5-7 13:00
2025-5-8,9:30:00,股票,*ST高斯(002848.XSHE),买,市价单,22700股,5.58,126666,22700股,-,0,12.67,全部成交,2025-5-8 9:30
2025-5-8,9:30:00,股票,ST英飞拓(002528.XSHE),买,市价单,52800股,2.4,126720,52800股,-,0,12.67,全部成交,2025-5-8 9:30
2025-5-8,9:30:00,股票,*ST沪科(600608.XSHG),买,市价单,39900股,3.18,126882,39900股,-,0,12.69,全部成交,2025-5-8 9:30
2025-5-9,13:00:00,股票,*ST高斯(002848.XSHE),卖,市价单,-22700股,6,-136200,-22700股,-,9534,81.72,全部成交,2025-5-9 13:00
2025-5-9,13:00:00,股票,ST英飞拓(002528.XSHE),卖,市价单,-52800股,2.4,-126720,-52800股,-,0,76.03,全部成交,2025-5-9 13:00
2025-5-9,13:00:00,股票,*ST沪科(600608.XSHG),卖,市价单,-39900股,3.34,-133266,-39900股,-,6384,79.96,全部成交,2025-5-9 13:00
2025-5-12,9:30:00,股票,*ST高斯(002848.XSHE),买,市价单,21800股,6.04,131672,21800股,-,0,13.17,全部成交,2025-5-12 9:30
2025-5-12,9:30:00,股票,ST起步(603557.XSHG),买,市价单,47000股,2.82,132540,47000股,-,0,13.25,全部成交,2025-5-12 9:30
2025-5-12,9:30:00,股票,*ST荣控(000668.XSHE),买,市价单,23200股,5.68,131776,23200股,-,0,13.18,全部成交,2025-5-12 9:30
2025-5-13,13:00:00,股票,*ST高斯(002848.XSHE),卖,市价单,-21800股,6.3,-137340,-21800股,-,5668,82.4,全部成交,2025-5-13 13:00
2025-5-13,13:00:00,股票,ST起步(603557.XSHG),卖,市价单,-47000股,2.94,-138180,-47000股,-,5640,82.91,全部成交,2025-5-13 13:00
2025-5-14,9:30:00,股票,*ST亚太(000691.XSHE),买,市价单,33200股,4.14,137448,33200股,-,0,13.74,全部成交,2025-5-14 9:30
2025-5-14,9:30:00,股票,*ST南置(002305.XSHE),买,市价单,83500股,1.65,137775,83500股,-,0,13.78,全部成交,2025-5-14 9:30
2025-5-15,14:55:00,股票,*ST荣控(000668.XSHE),卖,市价单,-23200股,6.1,-141520,-23200股,-,9744,84.91,全部成交,2025-5-15 14:55
2025-5-16,9:30:00,股票,*ST创兴(600193.XSHG),买,市价单,34500股,4.1,141450,34500股,-,0,14.15,全部成交,2025-5-16 9:30
2025-5-16,13:00:00,股票,*ST亚太(000691.XSHE),卖,市价单,-33200股,4.7,-156040,-33200股,-,18592,93.62,全部成交,2025-5-16 13:00
2025-5-16,13:00:00,股票,*ST南置(002305.XSHE),卖,市价单,-83500股,1.8,-150300,-83500股,-,12525,90.18,全部成交,2025-5-16 13:00
2025-5-19,13:00:00,股票,*ST创兴(600193.XSHG),卖,市价单,-34500股,3.97,-136965,-34500股,-,-4485,82.18,全部成交,2025-5-19 13:00
2025-5-20,9:30:00,股票,*ST惠程(002168.XSHE),买,市价单,47800股,3.1,148180,47800股,-,0,14.82,全部成交,2025-5-20 9:30
2025-5-21,9:30:00,股票,*ST云网(002306.XSHE),买,市价单,79300股,1.86,147498,79300股,-,0,14.75,全部成交,2025-5-21 9:30
2025-5-21,9:30:00,股票,*ST阳光(000608.XSHE),买,市价单,79700股,1.86,148242,79700股,-,0,14.82,全部成交,2025-5-21 9:30
2025-5-21,13:00:00,股票,*ST惠程(002168.XSHE),卖,市价单,-47800股,2.99,-142922,-47800股,-,-5258,85.75,全部成交,2025-5-21 13:00
2025-5-22,9:30:00,股票,*ST和科(002816.XSHE),买,市价单,7500股,18.8,141000,7500股,-,0,14.1,全部成交,2025-5-22 9:30
2025-5-22,13:00:00,股票,*ST云网(002306.XSHE),卖,市价单,-79300股,1.92,-152256,-79300股,-,4758,91.35,全部成交,2025-5-22 13:00
2025-5-23,9:30:00,股票,*ST国华(000004.XSHE),买,市价单,16100股,9.52,153272,16100股,-,0,15.33,全部成交,2025-5-23 9:30
2025-5-23,14:00:00,股票,*ST和科(002816.XSHE),卖,市价单,-7500股,19.02,-142650,-7500股,-,1650,85.59,全部成交,2025-5-23 14:00
2025-5-26,13:00:00,股票,*ST阳光(000608.XSHE),卖,市价单,-79700股,1.8,-143460,-79700股,-,-4782,86.08,全部成交,2025-5-26 13:00
2025-5-27,9:30:00,股票,*ST步森(002569.XSHE),买,市价单,16000股,8.91,142560,16000股,-,0,14.26,全部成交,2025-5-27 9:30
2025-5-27,13:00:00,股票,*ST国华(000004.XSHE),卖,市价单,-16100股,10,-161000,-16100股,-,7728,96.6,全部成交,2025-5-27 13:00
2025-5-28,9:30:00,股票,*ST中迪(000609.XSHE),买,市价单,48900股,3.12,152568,48900股,-,0,15.26,全部成交,2025-5-28 9:30
2025-5-28,9:30:00,股票,*ST椰岛(600238.XSHG),买,市价单,25500股,5.94,151470,25500股,-,0,15.15,全部成交,2025-5-28 9:30
2025-5-28,13:00:00,股票,*ST步森(002569.XSHE),卖,市价单,-16000股,9.4,-150400,-16000股,-,7840,90.24,全部成交,2025-5-28 13:00
2025-5-29,9:30:00,股票,*ST双成(002693.XSHE),买,市价单,16800股,8.96,150528,16800股,-,0,15.05,全部成交,2025-5-29 9:30
2025-5-29,13:00:00,股票,*ST椰岛(600238.XSHG),卖,市价单,-25500股,5.94,-151470,-25500股,-,0,90.88,全部成交,2025-5-29 13:00
2025-5-30,9:30:00,股票,*ST精伦(600355.XSHG),买,市价单,51300股,2.96,151848,51300股,-,0,15.18,全部成交,2025-5-30 9:30
2025-5-30,13:00:00,股票,*ST中迪(000609.XSHE),卖,市价单,-48900股,3.26,-159414,-48900股,-,6846,95.65,全部成交,2025-5-30 13:00
2025-5-30,13:00:00,股票,*ST双成(002693.XSHE),卖,市价单,-16800股,8.61,-144648,-16800股,-,-5880,86.79,全部成交,2025-5-30 13:00
2025-6-3,9:30:00,股票,*ST高鸿(000851.XSHE),买,市价单,61900股,2.46,152274,61900股,-,0,15.23,全部成交,2025-6-3 9:30
2025-6-3,14:55:00,股票,*ST精伦(600355.XSHG),卖,市价单,-51300股,2.86,-146718,-51300股,-,-5130,88.03,全部成交,2025-6-3 14:55
2025-6-4,9:30:00,股票,*ST和科(002816.XSHE),买,市价单,7800股,19.08,148824,7800股,-,0,14.88,全部成交,2025-6-4 9:30
2025-6-4,9:30:00,股票,*ST国华(000004.XSHE),买,市价单,14600股,10.18,148628,14600股,-,0,14.86,全部成交,2025-6-4 9:30
2025-6-4,13:00:00,股票,*ST高鸿(000851.XSHE),卖,市价单,-61900股,2.48,-153512,-61900股,-,1238,92.11,全部成交,2025-6-4 13:00
2025-6-5,9:30:00,股票,*ST节能(000820.XSHE),买,市价单,53000股,2.9,153700,53000股,-,0,15.37,全部成交,2025-6-5 9:30
2025-6-5,14:00:00,股票,*ST国华(000004.XSHE),卖,市价单,-14600股,9.85,-143810,-14600股,-,-4818,86.29,全部成交,2025-6-5 14:00
2025-6-6,9:30:00,股票,ST华西(002630.XSHE),买,市价单,52400股,2.74,143576,52400股,-,0,14.36,全部成交,2025-6-6 9:30
2025-6-6,13:00:00,股票,*ST和科(002816.XSHE),卖,市价单,-7800股,17.88,-139464,-7800股,-,-9360,83.68,全部成交,2025-6-6 13:00
2025-6-9,9:30:00,股票,ST中珠(600568.XSHG),买,市价单,78400股,1.78,139552,78400股,-,0,13.96,全部成交,2025-6-9 9:30
2025-6-9,13:00:00,股票,ST华西(002630.XSHE),卖,市价单,-52400股,2.74,-143576,-52400股,-,0,86.15,全部成交,2025-6-9 13:00
2025-6-9,14:55:00,股票,*ST节能(000820.XSHE),卖,市价单,-53000股,2.94,-155820,-53000股,-,2120,93.49,全部成交,2025-6-9 14:55
2025-6-10,9:30:00,股票,ST亚联(002316.XSHE),买,市价单,33100股,4.51,149281,33100股,-,0,14.93,全部成交,2025-6-10 9:30
2025-6-11,9:30:00,股票,ST红太阳(000525.XSHE),买,市价单,17600股,8.51,149776,17600股,-,0,14.98,全部成交,2025-6-11 9:30
2025-6-11,13:00:00,股票,ST亚联(002316.XSHE),卖,市价单,-33100股,4.69,-155239,-33100股,-,5958,93.14,全部成交,2025-6-11 13:00
2025-6-12,13:00:00,股票,ST中珠(600568.XSHG),卖,市价单,-78400股,1.7,-133280,-78400股,-,-6272,79.97,全部成交,2025-6-12 13:00
2025-6-13,9:30:00,股票,ST中迪(000609.XSHE),买,市价单,41000股,3.51,143910,41000股,-,0,14.39,全部成交,2025-6-13 9:30
2025-6-13,9:30:00,股票,ST百利(603959.XSHG),买,市价单,26700股,5.4,144180,26700股,-,0,14.42,全部成交,2025-6-13 9:30
2025-6-13,13:00:00,股票,红太阳(000525.XSHE),卖,市价单,-17600股,8.36,-147136,-17600股,-,-2640,88.28,全部成交,2025-6-13 13:00
2025-6-16,9:30:00,股票,*ST智胜(002253.XSHE),买,市价单,13000股,11.34,147420,13000股,-,0,14.74,全部成交,2025-6-16 9:30
2025-6-16,13:00:00,股票,ST百利(603959.XSHG),卖,市价单,-26700股,5.78,-154326,-26700股,-,10146,92.6,全部成交,2025-6-16 13:00
2025-6-17,9:30:00,股票,ST百利(603959.XSHG),买,市价单,27200股,5.66,153952,27200股,-,0,15.4,全部成交,2025-6-17 9:30
2025-6-17,13:00:00,股票,*ST智胜(002253.XSHE),卖,市价单,-13000股,10.86,-141180,-13000股,-,-6240,84.71,全部成交,2025-6-17 13:00
2025-6-18,9:30:00,股票,*ST生物(000504.XSHE),买,市价单,15500股,9.09,140895,15500股,-,0,14.09,全部成交,2025-6-18 9:30
2025-6-18,13:00:00,股票,ST中迪(000609.XSHE),卖,市价单,-41000股,3.3,-135300,-41000股,-,-8610,81.18,全部成交,2025-6-18 13:00
2025-6-18,13:00:00,股票,ST百利(603959.XSHG),卖,市价单,-27200股,6.08,-165376,-27200股,-,11424,99.23,全部成交,2025-6-18 13:00
2025-6-19,9:30:00,股票,*ST赛隆(002898.XSHE),买,市价单,11000股,13.66,150260,11000股,-,0,15.03,全部成交,2025-6-19 9:30
2025-6-19,9:30:00,股票,*ST返利(600228.XSHG),买,市价单,29100股,5.16,150156,29100股,-,0,15.02,全部成交,2025-6-19 9:30
2025-6-19,13:00:00,股票,*ST生物(000504.XSHE),卖,市价单,-15500股,8.74,-135470,-15500股,-,-5425,81.28,全部成交,2025-6-19 13:00
2025-6-20,9:30:00,股票,ST英飞拓(002528.XSHE),买,市价单,47600股,2.86,136136,47600股,-,0,13.61,全部成交,2025-6-20 9:30
2025-6-23,13:00:00,股票,ST英飞拓(002528.XSHE),卖,市价单,-47600股,2.98,-141848,-47600股,-,5712,85.11,全部成交,2025-6-23 13:00
2025-6-24,9:30:00,股票,ST英飞拓(002528.XSHE),买,市价单,45900股,3.08,141372,45900股,-,0,14.14,全部成交,2025-6-24 9:30
2025-6-24,13:00:00,股票,*ST返利(600228.XSHG),卖,市价单,-29100股,4.69,-136479,-29100股,-,-13677,81.89,全部成交,2025-6-24 13:00
2025-6-24,14:00:00,股票,*ST赛隆(002898.XSHE),卖,市价单,-11000股,12.1,-133100,-11000股,-,-17160,79.86,全部成交,2025-6-24 14:00
2025-6-25,9:30:00,股票,ST百灵(002424.XSHE),买,市价单,27200股,4.94,134368,27200股,-,0,13.44,全部成交,2025-6-25 9:30
2025-6-25,9:30:00,股票,*ST仁东(002647.XSHE),买,市价单,22400股,6,134400,22400股,-,0,13.44,全部成交,2025-6-25 9:30
2025-6-25,13:00:00,股票,ST英飞拓(002528.XSHE),卖,市价单,-45900股,2.98,-136782,-45900股,-,-4590,82.07,全部成交,2025-6-25 13:00
2025-6-26,9:30:00,股票,ST证通(002197.XSHE),买,市价单,19800股,6.92,137016,19800股,-,0,13.7,全部成交,2025-6-26 9:30
2025-6-26,13:00:00,股票,ST百灵(002424.XSHE),卖,市价单,-27200股,5.2,-141440,-27200股,-,7072,84.86,全部成交,2025-6-26 13:00
2025-6-26,13:00:00,股票,*ST仁东(002647.XSHE),卖,市价单,-22400股,6.04,-135296,-22400股,-,896,81.18,全部成交,2025-6-26 13:00
2025-6-27,9:30:00,股票,*ST沐邦(603398.XSHG),买,市价单,27300股,5.06,138138,27300股,-,0,13.81,全部成交,2025-6-27 9:30
2025-6-27,13:00:00,股票,ST证通(002197.XSHE),卖,市价单,-19800股,6.92,-137016,-19800股,-,0,82.21,全部成交,2025-6-27 13:00
2025-6-30,9:30:00,股票,ST德豪(002005.XSHE),买,市价单,55300股,2.5,138250,55300股,-,0,13.82,全部成交,2025-6-30 9:30
2025-7-1,9:30:00,股票,ST百利(603959.XSHG),买,市价单,22600股,6.06,136956,22600股,-,0,13.7,全部成交,2025-7-1 9:30
2025-7-1,13:00:00,股票,*ST沐邦(603398.XSHG),卖,市价单,-27300股,5.72,-156156,-27300股,-,18018,93.69,全部成交,2025-7-1 13:00
2025-7-1,13:00:00,股票,ST德豪(002005.XSHE),卖,市价单,-0股,--,0,-55300股,-,0,0,已撤单,2025-7-1 13:00
2025-7-1,14:00:00,股票,ST德豪(002005.XSHE),卖,市价单,-0股,--,0,-55300股,-,0,0,已撤单,2025-7-1 14:00
2025-7-1,14:55:00,股票,ST德豪(002005.XSHE),卖,市价单,-0股,--,0,-55300股,-,0,0,已撤单,2025-7-1 14:55
2025-7-2,9:30:00,股票,ST华西(002630.XSHE),买,市价单,57700股,2.72,156944,57700股,-,0,15.69,全部成交,2025-7-2 9:30
2025-7-2,13:00:00,股票,ST百利(603959.XSHG),卖,市价单,-22600股,6.24,-141024,-22600股,-,4068,84.61,全部成交,2025-7-2 13:00
2025-7-3,9:30:00,股票,*ST高鸿(000851.XSHE),买,市价单,54600股,2.58,140868,54600股,-,0,14.09,全部成交,2025-7-3 9:30
2025-7-3,13:00:00,股票,ST华西(002630.XSHE),卖,市价单,-57700股,2.88,-166176,-57700股,-,9232,99.71,全部成交,2025-7-3 13:00
2025-7-3,14:00:00,股票,ST德豪(002005.XSHE),卖,市价单,-55300股,2.42,-133826,-55300股,-,-4424,80.3,全部成交,2025-7-3 14:00
2025-7-4,9:30:00,股票,*ST新元(300472.XSHE),买,市价单,33900股,4.42,149838,33900股,-,0,14.98,全部成交,2025-7-4 9:30
2025-7-4,13:00:00,股票,*ST高鸿(000851.XSHE),卖,市价单,-54600股,2.72,-148512,-54600股,-,7644,89.11,全部成交,2025-7-4 13:00
2025-7-7,9:30:00,股票,*ST南置(002305.XSHE),买,市价单,65900股,2.26,148934,65900股,-,0,14.89,全部成交,2025-7-7 9:30
2025-7-7,13:00:00,股票,*ST新元(300472.XSHE),卖,市价单,-33900股,5.38,-182382,-33900股,-,32544,109.43,全部成交,2025-7-7 13:00
2025-7-8,13:00:00,股票,*ST南置(002305.XSHE),卖,市价单,-65900股,2.41,-158819,-65900股,-,9885,95.29,全部成交,2025-7-8 13:00
2025-7-9,9:30:00,股票,ST盛屯(600711.XSHG),买,市价单,22000股,7.42,163240,22000股,-,0,16.32,全部成交,2025-7-9 9:30
2025-7-9,9:30:00,股票,ST金鸿(000669.XSHE),买,市价单,58900股,2.78,163742,58900股,-,0,16.37,全部成交,2025-7-9 9:30
2025-7-10,9:30:00,股票,*ST高鸿(000851.XSHE),买,市价单,56000股,2.92,163520,56000股,-,0,16.35,全部成交,2025-7-10 9:30
2025-7-10,13:00:00,股票,ST盛屯(600711.XSHG),卖,市价单,-22000股,6.94,-152680,-22000股,-,-10560,91.61,全部成交,2025-7-10 13:00
2025-7-14,9:30:00,股票,ST信通(600289.XSHG),买,市价单,21000股,7.22,151620,21000股,-,0,15.16,全部成交,2025-7-14 9:30
2025-7-14,13:00:00,股票,ST金鸿(000669.XSHE),卖,市价单,-58900股,2.66,-156674,-58900股,-,-7068,94,全部成交,2025-7-14 13:00
2025-7-14,13:00:00,股票,*ST高鸿(000851.XSHE),卖,市价单,-56000股,2.8,-156800,-56000股,-,-6720,94.08,全部成交,2025-7-14 13:00
2025-7-15,9:30:00,股票,*ST东晶(002199.XSHE),买,市价单,17200股,9.1,156520,17200股,-,0,15.65,全部成交,2025-7-15 9:30
2025-7-15,13:00:00,股票,*ST新潮(600777.XSHG),卖,市价单,-38300股,4.03,-154349,-38300股,-,31023,92.61,全部成交,2025-7-15 13:00
2025-7-16,9:30:00,股票,ST尔雅(600107.XSHG),买,市价单,35800股,4.34,155372,35800股,-,0,15.54,全部成交,2025-7-16 9:30
2025-7-16,9:30:00,股票,*ST新潮(600777.XSHG),买,市价单,38700股,4.02,155574,38700股,-,0,15.56,全部成交,2025-7-16 9:30
2025-7-16,13:00:00,股票,ST信通(600289.XSHG),卖,市价单,-21000股,6.86,-144060,-21000股,-,-7560,86.44,全部成交,2025-7-16 13:00
2025-7-16,14:00:00,股票,*ST东晶(002199.XSHE),卖,市价单,-17200股,8.8,-151360,-17200股,-,-5160,90.82,全部成交,2025-7-16 14:00
2025-7-17,13:00:00,股票,ST尔雅(600107.XSHG),卖,市价单,-35800股,4.42,-158236,-35800股,-,2864,94.94,全部成交,2025-7-17 13:00
2025-7-18,9:30:00,股票,*ST东易(002713.XSHE),买,市价单,32800股,4.62,151536,32800股,-,0,15.15,全部成交,2025-7-18 9:30
2025-7-18,9:30:00,股票,*ST沪科(600608.XSHG),买,市价单,37100股,4.08,151368,37100股,-,0,15.14,全部成交,2025-7-18 9:30
2025-7-22,9:30:00,股票,*ST天择(603721.XSHG),买,市价单,7200股,20.82,149904,7200股,-,0,14.99,全部成交,2025-7-22 9:30
2025-7-22,13:00:00,股票,*ST新潮(600777.XSHG),卖,市价单,-38700股,5.06,-195822,-38700股,-,40248,117.49,全部成交,2025-7-22 13:00
2025-7-22,14:55:00,股票,*ST沪科(600608.XSHG),卖,市价单,-37100股,3.94,-146174,-37100股,-,-5194,87.7,全部成交,2025-7-22 14:55
2025-7-23,13:00:00,股票,*ST东易(002713.XSHE),卖,市价单,-32800股,4.48,-146944,-32800股,-,-4592,88.17,全部成交,2025-7-23 13:00
2025-7-24,9:30:00,股票,ST盛屯(600711.XSHG),买,市价单,21100股,7.72,162892,21100股,-,0,16.29,全部成交,2025-7-24 9:30
2025-7-24,9:30:00,股票,ST华通(002602.XSHE),买,市价单,12700股,12.86,163322,12700股,-,0,16.33,全部成交,2025-7-24 9:30
2025-7-24,13:00:00,股票,*ST天择(603721.XSHG),卖,市价单,-7200股,20.08,-144576,-7200股,-,-5328,86.75,全部成交,2025-7-24 13:00
2025-7-25,9:30:00,股票,ST立方(300344.XSHE),买,市价单,27800股,5.54,154012,27800股,-,0,15.4,全部成交,2025-7-25 9:30
2025-7-25,9:30:00,股票,*ST南置(002305.XSHE),买,市价单,58300股,2.64,153912,58300股,-,0,15.39,全部成交,2025-7-25 9:30
2025-7-25,13:00:00,股票,ST盛屯(600711.XSHG),卖,市价单,-21100股,8.02,-169222,-21100股,-,6330,101.53,全部成交,2025-7-25 13:00
